Sample (geo accession);Sample title;Sample source name (Disease status) ;Tumor subtypes;;;
Training datasets;;;;;;
GSM248238;OTSCC 1;Oral Tongue Squamous Cell Carcinoma;GSE9844;;;
GSM248669;OTSCC 10;Oral Tongue Squamous Cell Carcinoma;;;;
GSM248670;OTSCC 11;Oral Tongue Squamous Cell Carcinoma;;;;
GSM248671;OTSCC 12;Oral Tongue Squamous Cell Carcinoma;;;;
GSM248673;OTSCC 13;Oral Tongue Squamous Cell Carcinoma;;;;
GSM248674;OTSCC 14;Oral Tongue Squamous Cell Carcinoma;;;;
GSM248675;OTSCC 15;Oral Tongue Squamous Cell Carcinoma;;;;
GSM248676;OTSCC 16;Oral Tongue Squamous Cell Carcinoma;;;;
GSM248677;OTSCC 17;Oral Tongue Squamous Cell Carcinoma;;;;
GSM248678;OTSCC 18;Oral Tongue Squamous Cell Carcinoma;;;;
GSM248679;OTSCC 19;Oral Tongue Squamous Cell Carcinoma;;;;
GSM248650;OTSCC 2;Oral Tongue Squamous Cell Carcinoma;;;;
GSM248680;OTSCC 20;Oral Tongue Squamous Cell Carcinoma;;;;
GSM248681;OTSCC 21;Oral Tongue Squamous Cell Carcinoma;;;;
GSM248682;OTSCC 22;Oral Tongue Squamous Cell Carcinoma;;;;
GSM248683;OTSCC 23;Oral Tongue Squamous Cell Carcinoma;;;;
GSM248684;OTSCC 24;Oral Tongue Squamous Cell Carcinoma;;;;
GSM248685;OTSCC 25;Oral Tongue Squamous Cell Carcinoma;;;;
GSM248686;OTSCC 26;Oral Tongue Squamous Cell Carcinoma;;;;
GSM248651;OTSCC 3;Oral Tongue Squamous Cell Carcinoma;;;;
GSM248662;OTSCC 4;Oral Tongue Squamous Cell Carcinoma;;;;
GSM248663;OTSCC 5;Oral Tongue Squamous Cell Carcinoma;;;;
GSM248664;OTSCC 6;Oral Tongue Squamous Cell Carcinoma;;;;
GSM248665;OTSCC 7;Oral Tongue Squamous Cell Carcinoma;;;;
GSM248667;OTSCC 8;Oral Tongue Squamous Cell Carcinoma;;;;
GSM248668;OTSCC 9;Oral Tongue Squamous Cell Carcinoma;;;;
GSM248652;OTSCC normal control 1;Tongue Squamous Cells from control subjects;;;;
GSM248672;OTSCC normal control 10;Tongue Squamous Cells from control subjects;;;;
GSM248687;OTSCC normal control 11;Tongue Squamous Cells from control subjects;;;;
GSM248780;OTSCC normal control 12;Tongue Squamous Cells from control subjects;;;;
GSM248653;OTSCC normal control 2;Tongue Squamous Cells from control subjects;;;;
GSM248655;OTSCC normal control 3;Tongue Squamous Cells from control subjects;;;;
GSM248656;OTSCC normal control 4;Tongue Squamous Cells from control subjects;;;;
GSM248658;OTSCC normal control 5;Tongue Squamous Cells from control subjects;;;;
GSM248659;OTSCC normal control 6;Tongue Squamous Cells from control subjects;;;;
GSM248660;OTSCC normal control 7;Tongue Squamous Cells from control subjects;;;;
GSM248661;OTSCC normal control 8;Tongue Squamous Cells from control subjects;;;;
GSM248781;OTSCC normal control 9;Tongue Squamous Cells from control subjects;;;;
;;;GSE42743;;The data are not normalised hence can not be analysed in GEO2R;
GSM1049079;MDA-HNS-024;Cancer (Oral Cavity Cancer cancer);;;;
GSM1049080;MDA-HNS-025;Cancer (oral cancer);;;;
GSM1049081;MDA-HNS-026;Cancer (oral cancer);;;;
GSM1049082;MDA-HNS-027;Cancer (oral cancer);;;;
GSM1049083;MDA-HNS-029;Cancer (oral cancer);;;;
GSM1049084;MDA-HNS-030;Cancer (oral cancer);;;;
GSM1049085;MDA-HNS-031;Cancer (oral cancer);;;;
GSM1049086;MDA-HNS-032;Cancer (oral cancer);;;;
GSM1049087;MDA-HNS-033;Cancer (oral cancer);;;;
GSM1049088;MDA-HNS-034;Cancer (oral cancer);;;;
GSM1049089;MDA-HNS-035;Cancer (oral cancer);;;;
GSM1049090;MDA-HNS-036;Cancer (oral cancer);;;;
GSM1049091;MDA-HNS-037;Cancer (oral cancer);;;;
GSM1049092;MDA-HNS-038;Cancer (oral cancer);;;;
GSM1049093;MDA-HNS-039;Cancer (oral cancer);;;;
GSM1049094;MDA-HNS-040;Cancer (oral cancer);;;;
GSM1049095;MDA-HNS-041;Cancer (oral cancer);;;;
GSM1049096;MDA-HNS-042;Cancer (oral cancer);;;;
GSM1049097;MDA-HNS-043;Cancer (oral cancer);;;;
GSM1049098;MDA-HNS-044;Cancer (oral cancer);;;;
GSM1049099;MDA-HNS-045;Cancer (oral cancer);;;;
GSM1049100;MDA-HNS-046;Cancer (oral cancer);;;;
GSM1049101;MDA-HNS-047;Cancer (oral cancer);;;;
GSM1049102;MDA-HNS-048;Cancer (oral cancer);;;;
GSM1049103;MDA-HNS-049;Cancer (oral cancer);;;;
GSM1049104;MDA-HNS-050;Cancer (oral cancer);;;;
GSM1049105;MDA-HNS-051;Cancer (oral cancer);;;;
GSM1049107;MDA-HNS-053;Cancer (oral cancer);;;;
GSM1049109;MDA-HNS-055;Cancer (oral cancer);;;;
GSM1049111;MDA-HNS-057;Cancer (oral cancer);;;;
GSM1049114;MDA-HNS-060;Cancer (oral cancer);;;;
GSM1049116;MDA-HNS-062;Cancer (oral cancer);;;;
GSM1049117;MDA-HNS-064;Cancer (oral cancer);;;;
GSM1049119;MDA-HNS-066;Cancer (oral cancer);;;;
GSM1049120;MDA-HNS-067;Cancer (oral cancer);;;;
GSM1049121;MDA-HNS-068;Cancer (oral cancer);;;;
GSM1049122;MDA-HNS-069;Cancer (oral cancer);;;;
GSM1049124;MDA-HNS-071;Cancer (oral cancer);;;;
GSM1049125;MDA-HNS-072;Cancer (oral cancer);;;;
GSM1049128;MDA-HNS-075;Cancer (oral cancer);;;;
GSM1049129;MDA-HNS-076;Cancer (oral cancer);;;;
GSM1049131;MDA-HNS-078;Cancer (oral cancer);;;;
GSM1049133;MDA-HNS-080;Cancer (oral cancer);;;;
GSM1049134;MDA-HNS-081;Cancer (oral cancer);;;;
GSM1049136;MDA-HNS-083;Cancer (oral cancer);;;;
GSM1049137;MDA-HNS-084;Cancer (oral cancer);;;;
GSM1049139;MDA-HNS-086;Cancer (oral cancer);;;;
GSM1049141;MDA-HNS-088;Cancer (oral cancer);;;;
GSM1049143;MDA-HNS-090;Cancer (oral cancer);;;;
GSM1049145;MDA-HNS-092;Cancer (oral cancer);;;;
GSM1049146;MDA-HNS-093;Cancer (oral cancer);;;;
GSM1049147;MDA-HNS-094;Cancer (oral cancer);;;;
GSM1049149;MDA-HNS-096;Cancer (oral cancer);;;;
GSM1049150;MDA-HNS-097;Cancer (oral cancer);;;;
GSM1049151;MDA-HNS-098;Cancer (oral cancer);;;;
GSM1049155;MDA-HNS-102;Cancer (oral cancer);;;;
GSM1049156;MDA-HNS-103;Cancer (oral cancer);;;;
GSM1049158;MDA-HNS-105;Cancer (oral cancer);;;;
GSM1049160;MDA-HNS-107;Cancer (oral cancer);;;;
GSM1049162;MDA-HNS-109;Cancer (oral cancer);;;;
GSM1049164;MDA-HNS-111;Cancer (oral cancer);;;;
GSM1049167;MDA-HNS-114;Cancer (oral cancer);;;;
GSM1049169;MDA-HNS-116;Cancer (oral cancer);;;;
GSM1049171;MDA-HNS-119;Cancer (oral cancer);;;;
GSM1049172;MDA-HNS-122;Cancer (oral cancer);;;;
GSM1049173;MDA-HNS-123;Cancer (oral cancer);;;;
GSM1049174;MDA-HNS-125;Cancer (oral cancer);;;;
GSM1049175;MDA-HNS-126;Cancer (oral cancer);;;;
GSM1049176;MDA-HNS-128;Cancer (oral cancer);;;;
GSM1049177;MDA-HNS-129;Cancer (oral cancer);;;;
GSM1049178;MDA-HNS-130;Cancer (oral cancer);;;;
GSM1049179;MDA-HNS-131;Cancer (oral cancer);;;;
GSM1049180;MDA-HNS-133;Cancer (oral cancer);;;;
GSM1049181;MDA-HNS-134;Cancer (oral cancer);;;;
GSM1049106;MDA-HNS-052;normal;;;;
GSM1049108;MDA-HNS-054;normal;;;;
GSM1049110;MDA-HNS-056;normal;;;;
GSM1049112;MDA-HNS-058;normal;;;;
GSM1049113;MDA-HNS-059;normal;;;;
GSM1049115;MDA-HNS-061;normal;;;;
GSM1049118;MDA-HNS-065;normal;;;;
GSM1049123;MDA-HNS-070;normal;;;;
GSM1049126;MDA-HNS-073;normal;;;;
GSM1049127;MDA-HNS-074;normal;;;;
GSM1049130;MDA-HNS-077;normal;;;;
GSM1049132;MDA-HNS-079;normal;;;;
GSM1049135;MDA-HNS-082;normal;;;;
GSM1049138;MDA-HNS-085;normal;;;;
GSM1049140;MDA-HNS-087;normal;;;;
GSM1049142;MDA-HNS-089;normal;;;;
GSM1049144;MDA-HNS-091;normal;;;;
GSM1049148;MDA-HNS-095;normal;;;;
GSM1049152;MDA-HNS-099;normal;;;;
GSM1049153;MDA-HNS-100;normal;;;;
GSM1049154;MDA-HNS-101;normal;;;;
GSM1049157;MDA-HNS-104;normal;;;;
GSM1049159;MDA-HNS-106;normal;;;;
GSM1049161;MDA-HNS-108;normal;;;;
GSM1049163;MDA-HNS-110;normal;;;;
GSM1049165;MDA-HNS-112;normal;;;;
GSM1049166;MDA-HNS-113;normal;;;;
GSM1049168;MDA-HNS-115;normal;;;;
GSM1049170;MDA-HNS-117;normal;;;;
;;;GSE6791;In two groups analysis: ;;
GSM155645;CC010;Cervical cancer;;Group 1: Cervical cencer, head and neck cancer;;
GSM155646;CC028;Cervical cancer;;Group 2: Cervical normal and head & neck normal;;
GSM155647;CC029;Cervical cancer;;;;
GSM155648;CC034A;Cervical cancer;;;;
GSM155649;CC034B;Cervical cancer;;;;
GSM155650;CC068;Cervical cancer;;;;
GSM155651;CC205;Cervical cancer;;;;
GSM155652;CC225;Cervical cancer;;;;
GSM155653;CC233;Cervical cancer;;;;
GSM155654;CC237;Cervical cancer;;;;
GSM155655;CC243;Cervical cancer;;;;
GSM155656;CC300;Cervical cancer;;;;
GSM155657;CC304;Cervical cancer;;;;
GSM155658;CC437;Cervical cancer;;;;
GSM155659;CC507;Cervical cancer;;;;
GSM155660;CC515;Cervical cancer;;;;
GSM155661;CC519;Cervical cancer;;;;
GSM155662;CC553;Cervical cancer;;;;
GSM155663;CC600;Cervical cancer;;;;
GSM155664;CC701;Cervical cancer;;;;
GSM155665;CN001;Cervical normal;;;;
GSM155666;CN018;Cervical normal;;;;
GSM155667;CN022;Cervical normal;;;;
GSM155668;CN206;Cervical normal;;;;
GSM155669;CN243;Cervical normal;;;;
GSM155670;CN407;Cervical normal;;;;
GSM155671;CN530;Cervical normal;;;;
GSM155672;CN543;Cervical normal;;;;
GSM155673;HNC004;Head and neck cancer;;;;
GSM155674;HNC001;Head and neck cancer;;;;
GSM155675;HNC005;Head and neck cancer;;;;
GSM155676;HNC008;Head and neck cancer;;;;
GSM155677;HNC009;Head and neck cancer;;;;
GSM155678;HNC012;Head and neck cancer;;;;
GSM155679;HNC015;Head and neck cancer;;;;
GSM155680;HNC017;Head and neck cancer;;;;
GSM155681;HNC018;Head and neck cancer;;;;
GSM155682;HNC2551;Head and neck cancer;;;;
GSM155683;HNC2686;Head and neck cancer;;;;
GSM155684;HNC2714;Head and neck cancer;;;;
GSM155685;HNC2719;Head and neck cancer;;;;
GSM155686;HNC2724;Head and neck cancer;;;;
GSM155687;HNC2725;Head and neck cancer;;;;
GSM155688;HNC2738;Head and neck cancer;;;;
GSM155689;HNC2743;Head and neck cancer;;;;
GSM155690;HNC2748;Head and neck cancer;;;;
GSM155691;HNC2774;Head and neck cancer;;;;
GSM155692;HNC2784;Head and neck cancer;;;;
GSM155693;HNC2814;Head and neck cancer;;;;
GSM155694;HNC2816;Head and neck cancer;;;;
GSM155695;HNC2836;Head and neck cancer;;;;
GSM155696;HNC2855;Head and neck cancer;;;;
GSM155697;HNC2857;Head and neck cancer;;;;
GSM155698;HNC2885;Head and neck cancer;;;;
GSM155699;HNC2887;Head and neck cancer;;;;
GSM155700;HNC2907;Head and neck cancer;;;;
GSM155701;HNC2910;Head and neck cancer;;;;
GSM155702;HNC2914;Head and neck cancer;;;;
GSM155703;HNC2942;Head and neck cancer;;;;
GSM155704;HNC2966;Head and neck cancer;;;;
GSM155705;HNC2967;Head and neck cancer;;;;
GSM155706;HNC3003;Head and neck cancer;;;;
GSM155707;HNC3046;Head and neck cancer;;;;
GSM155708;HNC3055;Head and neck cancer;;;;
GSM155709;HNC3092;Head and neck cancer;;;;
GSM155710;HNC3687;Head and neck cancer;;;;
GSM155711;HNCB1;Head and neck cancer;;;;
GSM155712;HNCS1;Head and neck cancer;;;;
GSM155713;HNCS2;Head and neck cancer;;;;
GSM155714;HNCS3;Head and neck cancer;;;;
GSM155715;HNN013;Head and neck normal;;;;
GSM155716;HNN023;Head and neck normal;;;;
GSM155717;HNN039;Head and neck normal;;;;
GSM155718;HNN052;Head and neck normal;;;;
GSM155719;HNN053;Head and neck normal;;;;
GSM155720;ND004;Head and neck normal;;;;
GSM155721;ND007;Head and neck normal;;;;
GSM155722;ND010;Head and neck normal;;;;
GSM155723;ND011;Head and neck normal;;;;
GSM155724;ND012;Head and neck normal;;;;
GSM155725;ND014;Head and neck normal;;;;
GSM155726;ND015;Head and neck normal;;;;
GSM155727;ND017;Head and neck normal;;;;
GSM155728;ND018;Head and neck normal;;;;
;;;GSE30784;In two groups analysis: ;;
GSM764749;SAMPLE 1;status: cancer (oral squamous cell carcinoma (OSCC));;Group 1: status: cancer;;
GSM764750;SAMPLE 2;status: cancer (oral squamous cell carcinoma (OSCC));;Group 2: (Control , Dysplasia);;
GSM764751;SAMPLE 3;status: cancer (oral squamous cell carcinoma (OSCC));;;;
GSM764752;SAMPLE 4;status: cancer (oral squamous cell carcinoma (OSCC));;;;
GSM764753;SAMPLE 5;status: cancer (oral squamous cell carcinoma (OSCC));;;;
GSM764754;SAMPLE 6;status: cancer (oral squamous cell carcinoma (OSCC));;;;
GSM764755;SAMPLE 7;status: cancer (oral squamous cell carcinoma (OSCC));;;;
GSM764756;SAMPLE 8;status: cancer (oral squamous cell carcinoma (OSCC));;;;
GSM764757;SAMPLE 9;status: cancer (oral squamous cell carcinoma (OSCC));;;;
GSM764758;SAMPLE 10;status: cancer (oral squamous cell carcinoma (OSCC));;;;
GSM764759;SAMPLE 11;status: cancer (oral squamous cell carcinoma (OSCC));;;;
GSM764760;SAMPLE 12;status: cancer (oral squamous cell carcinoma (OSCC));;;;
GSM764761;SAMPLE 13;status: cancer (oral squamous cell carcinoma (OSCC));;;;
GSM764762;SAMPLE 14;status: cancer (oral squamous cell carcinoma (OSCC));;;;
GSM764763;SAMPLE 15;status: cancer (oral squamous cell carcinoma (OSCC));;;;
GSM764764;SAMPLE 16;status: cancer (oral squamous cell carcinoma (OSCC));;;;
GSM764765;SAMPLE 17;status: cancer (oral squamous cell carcinoma (OSCC));;;;
GSM764766;SAMPLE 18;status: cancer (oral squamous cell carcinoma (OSCC));;;;
GSM764767;SAMPLE 19;status: cancer (oral squamous cell carcinoma (OSCC));;;;
GSM764768;SAMPLE 20;status: cancer (oral squamous cell carcinoma (OSCC));;;;
GSM764769;SAMPLE 21;status: cancer (oral squamous cell carcinoma (OSCC));;;;
GSM764770;SAMPLE 22;status: cancer (oral squamous cell carcinoma (OSCC));;;;
GSM764771;SAMPLE 23;status: cancer (oral squamous cell carcinoma (OSCC));;;;
GSM764772;SAMPLE 24;status: cancer (oral squamous cell carcinoma (OSCC));;;;
GSM764773;SAMPLE 25;status: cancer (oral squamous cell carcinoma (OSCC));;;;
GSM764774;SAMPLE 26;status: cancer (oral squamous cell carcinoma (OSCC));;;;
GSM764775;SAMPLE 27;status: cancer (oral squamous cell carcinoma (OSCC));;;;
GSM764776;SAMPLE 28;status: cancer (oral squamous cell carcinoma (OSCC));;;;
GSM764777;SAMPLE 29;status: cancer (oral squamous cell carcinoma (OSCC));;;;
GSM764778;SAMPLE 30;status: cancer (oral squamous cell carcinoma (OSCC));;;;
GSM764779;SAMPLE 31;status: cancer (oral squamous cell carcinoma (OSCC));;;;
GSM764780;SAMPLE 32;status: cancer (oral squamous cell carcinoma (OSCC));;;;
GSM764781;SAMPLE 33;status: cancer (oral squamous cell carcinoma (OSCC));;;;
GSM764782;SAMPLE 34;status: cancer (oral squamous cell carcinoma (OSCC));;;;
GSM764783;SAMPLE 35;status: cancer (oral squamous cell carcinoma (OSCC));;;;
GSM764784;SAMPLE 36;status: cancer (oral squamous cell carcinoma (OSCC));;;;
GSM764785;SAMPLE 37;status: cancer (oral squamous cell carcinoma (OSCC));;;;
GSM764786;SAMPLE 38;status: cancer (oral squamous cell carcinoma (OSCC));;;;
GSM764787;SAMPLE 39;status: cancer (oral squamous cell carcinoma (OSCC));;;;
GSM764788;SAMPLE 40;status: cancer (oral squamous cell carcinoma (OSCC));;;;
GSM764789;SAMPLE 41;status: cancer (oral squamous cell carcinoma (OSCC));;;;
GSM764790;SAMPLE 42;status: cancer (oral squamous cell carcinoma (OSCC));;;;
GSM764791;SAMPLE 43;status: cancer (oral squamous cell carcinoma (OSCC));;;;
GSM764792;SAMPLE 44;status: cancer (oral squamous cell carcinoma (OSCC));;;;
GSM764793;SAMPLE 45;status: cancer (oral squamous cell carcinoma (OSCC));;;;
GSM764794;SAMPLE 46;status: cancer (oral squamous cell carcinoma (OSCC));;;;
GSM764795;SAMPLE 47;status: cancer (oral squamous cell carcinoma (OSCC));;;;
GSM764796;SAMPLE 48;status: cancer (oral squamous cell carcinoma (OSCC));;;;
GSM764797;SAMPLE 49;status: cancer (oral squamous cell carcinoma (OSCC));;;;
GSM764798;SAMPLE 50;status: cancer (oral squamous cell carcinoma (OSCC));;;;
GSM764799;SAMPLE 51;status: cancer (oral squamous cell carcinoma (OSCC));;;;
GSM764800;SAMPLE 52;status: cancer (oral squamous cell carcinoma (OSCC));;;;
GSM764801;SAMPLE 53;status: cancer (oral squamous cell carcinoma (OSCC));;;;
GSM764802;SAMPLE 54;status: cancer (oral squamous cell carcinoma (OSCC));;;;
GSM764803;SAMPLE 55;status: cancer (oral squamous cell carcinoma (OSCC));;;;
GSM764804;SAMPLE 56;status: cancer (oral squamous cell carcinoma (OSCC));;;;
GSM764805;SAMPLE 57;status: cancer (oral squamous cell carcinoma (OSCC));;;;
GSM764806;SAMPLE 58;status: cancer (oral squamous cell carcinoma (OSCC));;;;
GSM764807;SAMPLE 59;status: cancer (oral squamous cell carcinoma (OSCC));;;;
GSM764808;SAMPLE 60;status: cancer (oral squamous cell carcinoma (OSCC));;;;
GSM764809;SAMPLE 61;status: cancer (oral squamous cell carcinoma (OSCC));;;;
GSM764810;SAMPLE 62;status: cancer (oral squamous cell carcinoma (OSCC));;;;
GSM764811;SAMPLE 63;status: cancer (oral squamous cell carcinoma (OSCC));;;;
GSM764812;SAMPLE 64;status: cancer (oral squamous cell carcinoma (OSCC));;;;
GSM764813;SAMPLE 65;status: cancer (oral squamous cell carcinoma (OSCC));;;;
GSM764814;SAMPLE 66;status: cancer (oral squamous cell carcinoma (OSCC));;;;
GSM764815;SAMPLE 67;status: cancer (oral squamous cell carcinoma (OSCC));;;;
GSM764816;SAMPLE 68;status: cancer (oral squamous cell carcinoma (OSCC));;;;
GSM764817;SAMPLE 69;status: cancer (oral squamous cell carcinoma (OSCC));;;;
GSM764818;SAMPLE 70;status: cancer (oral squamous cell carcinoma (OSCC));;;;
GSM764819;SAMPLE 71;status: cancer (oral squamous cell carcinoma (OSCC));;;;
GSM764820;SAMPLE 72;status: cancer (oral squamous cell carcinoma (OSCC));;;;
GSM764821;SAMPLE 73;status: cancer (oral squamous cell carcinoma (OSCC));;;;
GSM764822;SAMPLE 74;status: cancer (oral squamous cell carcinoma (OSCC));;;;
GSM764823;SAMPLE 75;status: cancer (oral squamous cell carcinoma (OSCC));;;;
GSM764824;SAMPLE 76;status: cancer (oral squamous cell carcinoma (OSCC));;;;
GSM764825;SAMPLE 77;status: cancer (oral squamous cell carcinoma (OSCC));;;;
GSM764826;SAMPLE 78;status: cancer (oral squamous cell carcinoma (OSCC));;;;
GSM764827;SAMPLE 79;status: cancer (oral squamous cell carcinoma (OSCC));;;;
GSM764828;SAMPLE 80;status: cancer (oral squamous cell carcinoma (OSCC));;;;
GSM764829;SAMPLE 81;status: cancer (oral squamous cell carcinoma (OSCC));;;;
GSM764830;SAMPLE 82;status: cancer (oral squamous cell carcinoma (OSCC));;;;
GSM764831;SAMPLE 83;status: cancer (oral squamous cell carcinoma (OSCC));;;;
GSM764832;SAMPLE 84;status: cancer (oral squamous cell carcinoma (OSCC));;;;
GSM764833;SAMPLE 85;status: cancer (oral squamous cell carcinoma (OSCC));;;;
GSM764834;SAMPLE 86;status: cancer (oral squamous cell carcinoma (OSCC));;;;
GSM764835;SAMPLE 87;status: cancer (oral squamous cell carcinoma (OSCC));;;;
GSM764836;SAMPLE 88;status: cancer (oral squamous cell carcinoma (OSCC));;;;
GSM764837;SAMPLE 89;status: cancer (oral squamous cell carcinoma (OSCC));;;;
GSM764838;SAMPLE 90;status: cancer (oral squamous cell carcinoma (OSCC));;;;
GSM764839;SAMPLE 91;status: cancer (oral squamous cell carcinoma (OSCC));;;;
GSM764840;SAMPLE 92;status: cancer (oral squamous cell carcinoma (OSCC));;;;
GSM764841;SAMPLE 93;status: cancer (oral squamous cell carcinoma (OSCC));;;;
GSM764842;SAMPLE 94;status: cancer (oral squamous cell carcinoma (OSCC));;;;
GSM764843;SAMPLE 95;status: cancer (oral squamous cell carcinoma (OSCC));;;;
GSM764844;SAMPLE 96;status: cancer (oral squamous cell carcinoma (OSCC));;;;
GSM764845;SAMPLE 97;status: cancer (oral squamous cell carcinoma (OSCC));;;;
GSM764846;SAMPLE 98;status: cancer (oral squamous cell carcinoma (OSCC));;;;
GSM764847;SAMPLE 99;status: cancer (oral squamous cell carcinoma (OSCC));;;;
GSM764848;SAMPLE 100;status: cancer (oral squamous cell carcinoma (OSCC));;;;
GSM764849;SAMPLE 101;status: cancer (oral squamous cell carcinoma (OSCC));;;;
GSM764850;SAMPLE 102;status: cancer (oral squamous cell carcinoma (OSCC));;;;
GSM764851;SAMPLE 103;status: cancer (oral squamous cell carcinoma (OSCC));;;;
GSM764852;SAMPLE 104;status: cancer (oral squamous cell carcinoma (OSCC));;;;
GSM764853;SAMPLE 105;status: cancer (oral squamous cell carcinoma (OSCC));;;;
GSM764854;SAMPLE 106;status: cancer (oral squamous cell carcinoma (OSCC));;;;
GSM764855;SAMPLE 107;status: cancer (oral squamous cell carcinoma (OSCC));;;;
GSM764856;SAMPLE 108;status: cancer (oral squamous cell carcinoma (OSCC));;;;
GSM764857;SAMPLE 109;status: cancer (oral squamous cell carcinoma (OSCC));;;;
GSM764858;SAMPLE 110;status: cancer (oral squamous cell carcinoma (OSCC));;;;
GSM764859;SAMPLE 111;status: cancer (oral squamous cell carcinoma (OSCC));;;;
GSM764860;SAMPLE 112;status: cancer (oral squamous cell carcinoma (OSCC));;;;
GSM764861;SAMPLE 113;status: cancer (oral squamous cell carcinoma (OSCC));;;;
GSM764862;SAMPLE 114;status: cancer (oral squamous cell carcinoma (OSCC));;;;
GSM764863;SAMPLE 115;status: cancer (oral squamous cell carcinoma (OSCC));;;;
GSM764864;SAMPLE 116;status: cancer (oral squamous cell carcinoma (OSCC));;;;
GSM764865;SAMPLE 117;status: cancer (oral squamous cell carcinoma (OSCC));;;;
GSM764866;SAMPLE 118;status: cancer (oral squamous cell carcinoma (OSCC));;;;
GSM764867;SAMPLE 119;status: cancer (oral squamous cell carcinoma (OSCC));;;;
GSM764868;SAMPLE 120;status: cancer (oral squamous cell carcinoma (OSCC));;;;
GSM764869;SAMPLE 121;status: cancer (oral squamous cell carcinoma (OSCC));;;;
GSM764870;SAMPLE 122;status: cancer (oral squamous cell carcinoma (OSCC));;;;
GSM764871;SAMPLE 123;status: cancer (oral squamous cell carcinoma (OSCC));;;;
GSM764872;SAMPLE 124;status: cancer (oral squamous cell carcinoma (OSCC));;;;
GSM764873;SAMPLE 125;status: cancer (oral squamous cell carcinoma (OSCC));;;;
GSM764874;SAMPLE 126;status: cancer (oral squamous cell carcinoma (OSCC));;;;
GSM764875;SAMPLE 127;status: cancer (oral squamous cell carcinoma (OSCC));;;;
GSM764876;SAMPLE 128;status: cancer (oral squamous cell carcinoma (OSCC));;;;
GSM764877;SAMPLE 129;status: cancer (oral squamous cell carcinoma (OSCC));;;;
GSM764878;SAMPLE 130;status: cancer (oral squamous cell carcinoma (OSCC));;;;
GSM764879;SAMPLE 131;status: cancer (oral squamous cell carcinoma (OSCC));;;;
GSM764880;SAMPLE 132;status: cancer (oral squamous cell carcinoma (OSCC));;;;
GSM764881;SAMPLE 133;status: cancer (oral squamous cell carcinoma (OSCC));;;;
GSM764882;SAMPLE 134;status: cancer (oral squamous cell carcinoma (OSCC));;;;
GSM764883;SAMPLE 135;status: cancer (oral squamous cell carcinoma (OSCC));;;;
GSM764884;SAMPLE 136;status: cancer (oral squamous cell carcinoma (OSCC));;;;
GSM764885;SAMPLE 137;status: cancer (oral squamous cell carcinoma (OSCC));;;;
GSM764886;SAMPLE 138;status: cancer (oral squamous cell carcinoma (OSCC));;;;
GSM764887;SAMPLE 139;status: cancer (oral squamous cell carcinoma (OSCC));;;;
GSM764888;SAMPLE 140;status: cancer (oral squamous cell carcinoma (OSCC));;;;
GSM764889;SAMPLE 141;status: cancer (oral squamous cell carcinoma (OSCC));;;;
GSM764890;SAMPLE 142;status: cancer (oral squamous cell carcinoma (OSCC));;;;
GSM764891;SAMPLE 143;status: cancer (oral squamous cell carcinoma (OSCC));;;;
GSM764892;SAMPLE 144;status: cancer (oral squamous cell carcinoma (OSCC));;;;
GSM764893;SAMPLE 145;status: cancer (oral squamous cell carcinoma (OSCC));;;;
GSM764894;SAMPLE 146;status: cancer (oral squamous cell carcinoma (OSCC));;;;
GSM764895;SAMPLE 147;status: cancer (oral squamous cell carcinoma (OSCC));;;;
GSM764896;SAMPLE 148;status: cancer (oral squamous cell carcinoma (OSCC));;;;
GSM764897;SAMPLE 149;status: cancer (oral squamous cell carcinoma (OSCC));;;;
GSM764898;SAMPLE 150;status: cancer (oral squamous cell carcinoma (OSCC));;;;
GSM764899;SAMPLE 151;status: cancer (oral squamous cell carcinoma (OSCC));;;;
GSM764900;SAMPLE 152;status: cancer (oral squamous cell carcinoma (OSCC));;;;
GSM764901;SAMPLE 153;status: cancer (oral squamous cell carcinoma (OSCC));;;;
GSM764902;SAMPLE 154;status: cancer (oral squamous cell carcinoma (OSCC));;;;
GSM764903;SAMPLE 155;status: cancer (oral squamous cell carcinoma (OSCC));;;;
GSM764904;SAMPLE 156;status: cancer (oral squamous cell carcinoma (OSCC));;;;
GSM764905;SAMPLE 157;status: cancer (oral squamous cell carcinoma (OSCC));;;;
GSM764906;SAMPLE 158;status: cancer (oral squamous cell carcinoma (OSCC));;;;
GSM764907;SAMPLE 159;status: cancer (oral squamous cell carcinoma (OSCC));;;;
GSM764908;SAMPLE 160;status: cancer (oral squamous cell carcinoma (OSCC));;;;
GSM764909;SAMPLE 161;status: cancer (oral squamous cell carcinoma (OSCC));;;;
GSM764910;SAMPLE 162;status: cancer (oral squamous cell carcinoma (OSCC));;;;
GSM764911;SAMPLE 163;status: cancer (oral squamous cell carcinoma (OSCC));;;;
GSM764912;SAMPLE 164;status: cancer (oral squamous cell carcinoma (OSCC));;;;
GSM764913;SAMPLE 165;status: cancer (oral squamous cell carcinoma (OSCC));;;;
GSM764914;SAMPLE 166;status: cancer (oral squamous cell carcinoma (OSCC));;;;
GSM764915;SAMPLE 167;status: cancer (oral squamous cell carcinoma (OSCC));;;;
GSM764916;SAMPLE 168;status: control;;;;
GSM764917;SAMPLE 169;status: control;;;;
GSM764918;SAMPLE 170;status: control;;;;
GSM764919;SAMPLE 171;status: control;;;;
GSM764920;SAMPLE 172;status: control;;;;
GSM764921;SAMPLE 173;status: control;;;;
GSM764922;SAMPLE 174;status: control;;;;
GSM764923;SAMPLE 175;status: control;;;;
GSM764924;SAMPLE 176;status: control;;;;
GSM764925;SAMPLE 177;status: control;;;;
GSM764926;SAMPLE 178;status: control;;;;
GSM764927;SAMPLE 179;status: control;;;;
GSM764928;SAMPLE 180;status: control;;;;
GSM764929;SAMPLE 181;status: control;;;;
GSM764930;SAMPLE 182;status: control;;;;
GSM764931;SAMPLE 183;status: control;;;;
GSM764932;SAMPLE 184;status: control;;;;
GSM764933;SAMPLE 185;status: control;;;;
GSM764934;SAMPLE 186;status: control;;;;
GSM764935;SAMPLE 187;status: control;;;;
GSM764936;SAMPLE 188;status: control;;;;
GSM764937;SAMPLE 189;status: control;;;;
GSM764938;SAMPLE 190;status: control;;;;
GSM764939;SAMPLE 191;status: control;;;;
GSM764940;SAMPLE 192;status: control;;;;
GSM764941;SAMPLE 193;status: control;;;;
GSM764942;SAMPLE 194;status: control;;;;
GSM764943;SAMPLE 195;status: control;;;;
GSM764944;SAMPLE 196;status: control;;;;
GSM764945;SAMPLE 197;status: control;;;;
GSM764946;SAMPLE 198;status: control;;;;
GSM764947;SAMPLE 199;status: control;;;;
GSM764948;SAMPLE 200;status: control;;;;
GSM764949;SAMPLE 201;status: control;;;;
GSM764950;SAMPLE 202;status: control;;;;
GSM764951;SAMPLE 203;status: control;;;;
GSM764952;SAMPLE 204;status: control;;;;
GSM764953;SAMPLE 205;status: control;;;;
GSM764954;SAMPLE 206;status: control;;;;
GSM764955;SAMPLE 207;status: control;;;;
GSM764956;SAMPLE 208;status: control;;;;
GSM764957;SAMPLE 209;status: control;;;;
GSM764958;SAMPLE 210;status: control;;;;
GSM764959;SAMPLE 211;status: control;;;;
GSM764960;SAMPLE 212;status: control;;;;
GSM764961;SAMPLE 213;status: oral dysplasia;;;;
GSM764962;SAMPLE 214;status: oral dysplasia;;;;
GSM764963;SAMPLE 215;status: oral dysplasia;;;;
GSM764964;SAMPLE 216;status: oral dysplasia;;;;
GSM764965;SAMPLE 217;status: oral dysplasia;;;;
GSM764966;SAMPLE 218;status: oral dysplasia;;;;
GSM764967;SAMPLE 219;status: oral dysplasia;;;;
GSM764968;SAMPLE 220;status: oral dysplasia;;;;
GSM764969;SAMPLE 221;status: oral dysplasia;;;;
GSM764970;SAMPLE 222;status: oral dysplasia;;;;
GSM764971;SAMPLE 223;status: oral dysplasia;;;;
GSM764972;SAMPLE 224;status: oral dysplasia;;;;
GSM764973;SAMPLE 225;status: oral dysplasia;;;;
GSM764974;SAMPLE 226;status: oral dysplasia;;;;
GSM764975;SAMPLE 227;status: oral dysplasia;;;;
GSM764976;SAMPLE 228;status: oral dysplasia;;;;
GSM764977;SAMPLE 229;status: oral dysplasia;;;;
;;;GSE31056;Two groups analysis:;;
GSM771202;HN05.216A;Anterior margin;;Group1: all margins, normal;;
GSM771206;HN02.158A;Anterior margin;;Group2: all tumor;;
GSM771219;HN04.79A;Anterior margin;;;;
GSM771226;HN04.105A;Anterior margin;;;;
GSM771229;HN04.140AL;Antero-lateral margin;;;;
GSM771247;HN07.358;FOM margin;;;;
GSM771244;HN07.354T;oral carcinoma: FOM tumor;;;;
GSM771204;HN02.134I;inferior margin;;;;
GSM771218;HN04.78I;Inferior margin;;;;
GSM771193;HN05.188L;Lateral margin;;;;
GSM771208;HN02.160L;Lateral margin;;;;
GSM771211;HN02.173L;Lateral margin;;;;
GSM771223;HN04.102L;Lateral margin;;;;
GSM771184;HN04.37LL;Left lateral margin;;;;
GSM771242;HN04.22LL;Left lateral margin;;;;
GSM771178;HN08.432LP;Left posterior margin;;;;
GSM771192;HN05.187LP;Left posterior margin;;;;
GSM771154;HNO2-127I;Margin;;;;
GSM771156;HNO4-88A;Margin;;;;
GSM771157;HNO4-89M;Margin;;;;
GSM771160;HNO4-105A;Margin;;;;
GSM771161;HNO4-106P;Margin;;;;
GSM771165;HNO5-141PI;Margin;;;;
GSM771166;HNO5-143LS;Margin;;;;
GSM771167;HNO5-144S;Margin;;;;
GSM771168;HNO5-140AL;Margin;;;;
GSM771181;HN08.435;Margin;;;;
GSM771238;HN07.346SG;Margin;;;;
GSM771175;HN08.428M;Medial margin;;;;
GSM771197;HN05.193M;Medial margin;;;;
GSM771207;HN02.159M;Medial margin;;;;
GSM771152;HNO2-19916N;Normal;;;;
GSM771155;HNO4-87N;Normal;;;;
GSM771159;HNO4-104N;Normal;;;;
GSM771163;HNO5-137N;Normal;;;;
GSM771169;HN08.383N;Normal;;;;
GSM771172;HN08.424N;Normal;;;;
GSM771176;HN08.429N;Normal;;;;
GSM771179;HN08.433;Normal;;;;
GSM771182;HN04.33N;Normal;;;;
GSM771186;HN04.93N;Normal;;;;
GSM771189;HN05.180N;Normal;;;;
GSM771195;HN05.191N;Normal;;;;
GSM771200;HN05.213N;Normal;;;;
GSM771205;HN02.135N;Normal;;;;
GSM771209;HN02.162N;Normal;;;;
GSM771212;HN02.174N;Normal;;;;
GSM771214;HN04.65N;Normal;;;;
GSM771222;HN04.84N;Normal;;;;
GSM771225;HN04.104N;Normal;;;;
GSM771227;HN04.137N;Normal;;;;
GSM771232;HN04.172N;Normal;;;;
GSM771236;HN07.342N;Normal;;;;
GSM771246;HN07.356N;Normal;;;;
GSM771239;HN04.19N;Normal tongue;;;;
GSM771230;HN04.141PI;Posterior Inferior margin;;;;
GSM771235;HN04.177PL;Posterior lateral margin;;;;
GSM771171;HN08.385P;Posterior margin;;;;
GSM771185;HN04.38P;Posterior margin;;;;
GSM771188;HN04.96P;Posterior margin;;;;
GSM771194;HN05.190P;Posterior margin;;;;
GSM771198;HN05.196P;Posterior margin;;;;
GSM771213;HN04.60P;Posterior margin;;;;
GSM771216;HN04.67P;Posterior margin;;;;
GSM771217;HN04.68P;Posterior margin;;;;
GSM771234;HN04.176P;Posterior margin;;;;
GSM771240;HN04.20A;Posterior margin;;;;
GSM771245;HN07.355P;Posterior margin;;;;
GSM771241;HN04.21RL;Right lateral margin;;;;
GSM771191;HN05.182S;Superior margin;;;;
GSM771199;HN05.197SP;Superior margin;;;;
GSM771220;HN04.80S;Superior margin;;;;
GSM771231;HN04.144S;Superior margin;;;;
GSM771174;HN08.426TB;Tongue base margin;;;;
GSM771243;HN04.24T;oral carcinoma: Tongue tumor ;;;;
GSM771153;HNO2-19916T;oral carcinoma Tumor;;;;
GSM771158;HNO4-86T;oral carcinoma Tumor;;;;
GSM771162;HNO4-107T;oral carcinoma Tumor;;;;
GSM771164;HNO5-138T;oral carcinoma Tumor;;;;
GSM771170;HN08.384T;oral carcinoma Tumor;;;;
GSM771173;HN08.425T;oral carcinoma Tumor;;;;
GSM771177;HN08.430T;oral carcinoma Tumor;;;;
GSM771180;HN08.434;oral carcinoma Tumor;;;;
GSM771183;HN04.34T;oral carcinoma Tumor;;;;
GSM771187;HN04.94T;oral carcinoma Tumor;;;;
GSM771190;HN05.181T;oral carcinoma Tumor;;;;
GSM771196;HN05.192T;oral carcinoma Tumor;;;;
GSM771201;HN05.214T;oral carcinoma Tumor;;;;
GSM771203;HN02.129T;oral carcinoma Tumor;;;;
GSM771210;HN02.171T;oral carcinoma Tumor;;;;
GSM771215;HN04.66T;oral carcinoma Tumor;;;;
GSM771221;HN04.83T;oral carcinoma Tumor;;;;
GSM771224;HN04.103T;oral carcinoma Tumor;;;;
GSM771228;HN04.138T;oral carcinoma Tumor;;;;
GSM771233;HN04.173T;oral carcinoma Tumor;;;;
GSM771237;HN07.343T;oral carcinoma Tumor;;;;
;;;GSE10300;;;
GSM260258;HN02-0323;Head and Neck Squamous Cell Carcinoma from FFPE block;;;;
GSM260259;HN01-0393B;Head and Neck Squamous Cell Carcinoma from FFPE block;;;;
GSM260260;HN03-0079B;Head and Neck Squamous Cell Carcinoma from FFPE block;;;;
GSM260261;HN96-0671B;Head and Neck Squamous Cell Carcinoma from FFPE block;;;;
GSM260262;HN03-0034B;Head and Neck Squamous Cell Carcinoma from FFPE block;;;;
GSM260263;HN02-0478B;Head and Neck Squamous Cell Carcinoma from FFPE block;;;;
GSM260264;HN02-0387B;Head and Neck Squamous Cell Carcinoma from FFPE block;;;;
GSM260265;HN02-0152B;Head and Neck Squamous Cell Carcinoma from FFPE block;;;;
GSM260266;HN01-0446B;Head and Neck Squamous Cell Carcinoma from FFPE block;;;;
GSM260267;HN01-0394B;Head and Neck Squamous Cell Carcinoma from FFPE block;;;;
GSM260268;HN01-0291B;Head and Neck Squamous Cell Carcinoma from FFPE block;;;;
GSM260269;HN97-0108B;Head and Neck Squamous Cell Carcinoma from FFPE block;;;;
GSM260270;HN02-0458B;Head and Neck Squamous Cell Carcinoma from FFPE block;;;;
GSM260271;HN96-0071B;Head and Neck Squamous Cell Carcinoma from FFPE block;;;;
GSM260272;HN00-0318B;Head and Neck Squamous Cell Carcinoma from FFPE block;;;;
GSM260273;HN02-0136B;Head and Neck Squamous Cell Carcinoma from FFPE block;;;;
GSM260274;HN02-0333;Head and Neck Squamous Cell Carcinoma from FFPE block;;;;
GSM260275;HN02-0421B;Head and Neck Squamous Cell Carcinoma from FFPE block;;;;
GSM260276;HN02-0454B;Head and Neck Squamous Cell Carcinoma from FFPE block;;;;
GSM260277;HN02-0486B;Head and Neck Squamous Cell Carcinoma from FFPE block;;;;
GSM260278;HN02-0502B;Head and Neck Squamous Cell Carcinoma from FFPE block;;;;
GSM260279;300142;Head and Neck Squamous Cell Carcinoma from FFPE block;;;;
GSM260280;300148;Head and Neck Squamous Cell Carcinoma from FFPE block;;;;
GSM260281;300430;Head and Neck Squamous Cell Carcinoma from FFPE block;;;;
GSM260282;300520;Head and Neck Squamous Cell Carcinoma from FFPE block;;;;
GSM260283;300171;Head and Neck Squamous Cell Carcinoma from FFPE block;;;;
GSM260284;300249;Head and Neck Squamous Cell Carcinoma from FFPE block;;;;
GSM260285;300383;Head and Neck Squamous Cell Carcinoma from FFPE block;;;;
GSM260286;300423;Head and Neck Squamous Cell Carcinoma from FFPE block;;;;
GSM260287;300663;Head and Neck Squamous Cell Carcinoma from FFPE block;;;;
GSM260288;300637;Head and Neck Squamous Cell Carcinoma from FFPE block;;;;
GSM260289;300688;Head and Neck Squamous Cell Carcinoma from FFPE block;;;;
GSM260290;300372;Head and Neck Squamous Cell Carcinoma from FFPE block;;;;
GSM260291;300710;Head and Neck Squamous Cell Carcinoma from FFPE block;;;;
GSM260292;300400;Head and Neck Squamous Cell Carcinoma from FFPE block;;;;
GSM260293;300531;Head and Neck Squamous Cell Carcinoma from FFPE block;;;;
GSM260294;359026;Head and Neck Squamous Cell Carcinoma from FFPE block;;;;
GSM260295;359039;Head and Neck Squamous Cell Carcinoma from FFPE block;;;;
GSM260296;359037;Head and Neck Squamous Cell Carcinoma from FFPE block;;;;
GSM260297;359046;Head and Neck Squamous Cell Carcinoma from FFPE block;;;;
GSM260298;359050;Head and Neck Squamous Cell Carcinoma from FFPE block;;;;
GSM260299;301016;Head and Neck Squamous Cell Carcinoma from FFPE block;;;;
GSM260300;301137;Head and Neck Squamous Cell Carcinoma from FFPE block;;;;
GSM260301;301425;Head and Neck Squamous Cell Carcinoma from FFPE block;;;;
Missing;;;Thurlow;;;
Missing;;;E-TABM-302;;;
Validation datasets:;;;;;;
;;;;;;
Missing;;;TCGA;;;
;;;;;;
;;;GSE39368;;;
;;;Molecular subtypes defined by Walters et al;Tumour subgroups identified by the Cecco et al 2015;;
GSM966718;Head and neck squamous cell carcinoma HN002 Agilent 4x44K;tissue: Tumor;Atypical;CL6; Cluster Atypical is splitted between CL6 and CL1;
GSM966723;Head and neck squamous cell carcinoma HN007 Agilent 4x44K;tissue: Tumor;Atypical;CL6;;
GSM966727;Head and neck squamous cell carcinoma HN012 Agilent 4x44K;tissue: Tumor;Atypical;CL6;;
GSM966736;Head and neck squamous cell carcinoma HN025 Agilent 4x44K;tissue: Tumor;Atypical;CL6;;
GSM966740;Head and neck squamous cell carcinoma HN029 Agilent 4x44K;tissue: Tumor;Atypical;CL6;;
GSM966744;Head and neck squamous cell carcinoma HN033 Agilent 4x44K;tissue: Tumor;Atypical;CL6;;
GSM966746;Head and neck squamous cell carcinoma HN035 Agilent 4x44K;tissue: Tumor;Atypical;CL6;;
GSM966749;Head and neck squamous cell carcinoma HN039 Agilent 4x44K;tissue: Tumor;Atypical;CL6;;
GSM966765;Head and neck squamous cell carcinoma HN057 Agilent 4x44K;tissue: Tumor;Atypical;CL6;;
GSM966775;Head and neck squamous cell carcinoma HN070 Agilent 4x44K;tissue: Tumor;Atypical;CL6;;
GSM966778;Head and neck squamous cell carcinoma HN075 Agilent 4x44K;tissue: Tumor;Atypical;CL6;;
GSM966780;Head and neck squamous cell carcinoma HN077 Agilent 4x44K;tissue: Tumor;Atypical;CL6;;
GSM966782;Head and neck squamous cell carcinoma HN079 Agilent 4x44K;tissue: Tumor;Atypical;CL6;;
GSM966785;Head and neck squamous cell carcinoma HN082 Agilent 4x44K;tissue: Tumor;Atypical;CL6;;
GSM966786;Head and neck squamous cell carcinoma HN083 Agilent 4x44K;tissue: Tumor;Atypical;CL1;;
GSM966787;Head and neck squamous cell carcinoma HN084 Agilent 4x44K;tissue: Tumor;Atypical;CL1;;
GSM966790;Head and neck squamous cell carcinoma HN087 Agilent 4x44K;tissue: Tumor;Atypical;CL1;;
GSM966791;Head and neck squamous cell carcinoma HN088 Agilent 4x44K;tissue: Tumor;Atypical;CL1;;
GSM966793;Head and neck squamous cell carcinoma HN090 Agilent 4x44K;tissue: Tumor;Atypical;CL1;;
GSM966796;Head and neck squamous cell carcinoma HN093 Agilent 4x44K;tissue: Tumor;Atypical;CL1;;
GSM966797;Head and neck squamous cell carcinoma HN094 Agilent 4x44K;tissue: Tumor;Atypical;CL1;;
GSM966799;Head and neck squamous cell carcinoma HN097 Agilent 4x44K;tissue: Tumor;Atypical;CL1;;
GSM966802;Head and neck squamous cell carcinoma HN104 Agilent 4x44K;tissue: Tumor;Atypical;CL1;;
GSM966806;Head and neck squamous cell carcinoma HN108 Agilent 4x44K;tissue: Tumor;Atypical;CL1;;
GSM966810;Head and neck squamous cell carcinoma HN112 Agilent 4x44K;tissue: Tumor;Atypical;CL1;;
GSM966811;Head and neck squamous cell carcinoma HN114 Agilent 4x44K;tissue: Tumor;Atypical;CL1;;
GSM966815;Head and neck squamous cell carcinoma HN118 Agilent 4x44K;tissue: Tumor;Atypical;CL1;;
GSM966820;Head and neck squamous cell carcinoma HN123 Agilent 4x44K;tissue: Tumor;Atypical;CL1;;
GSM966849;Head and neck squamous cell carcinoma HN155 Agilent 4x44K;tissue: Tumor;Atypical;CL1;;
GSM966850;Head and neck squamous cell carcinoma HN156 Agilent 4x44K;tissue: Tumor;Atypical;CL1;;
GSM966852;Head and neck squamous cell carcinoma HN158 Agilent 4x44K;tissue: Tumor;Atypical;CL1;;
GSM966853;Head and neck squamous cell carcinoma HN159 Agilent 4x44K;tissue: Tumor;Atypical;CL1;;
GSM966719;Head and neck squamous cell carcinoma HN003 Agilent 4x44K;tissue: Tumor;Basal;CL4;Cluster Basal is splitted between Cl4 and CL3.;
GSM966722;Head and neck squamous cell carcinoma HN006 Agilent 4x44K;tissue: Tumor;Basal;CL4;;
GSM966726;Head and neck squamous cell carcinoma HN010 Agilent 4x44K;tissue: Tumor;Basal;CL4;;
GSM966728;Head and neck squamous cell carcinoma HN015 Agilent 4x44K;tissue: Tumor;Basal;CL4;;
GSM966729;Head and neck squamous cell carcinoma HN018 Agilent 4x44K;tissue: Tumor;Basal;CL4;;
GSM966731;Head and neck squamous cell carcinoma HN020 Agilent 4x44K;tissue: Tumor;Basal;CL4;;
GSM966732;Head and neck squamous cell carcinoma HN021 Agilent 4x44K;tissue: Tumor;Basal;CL4;;
GSM966734;Head and neck squamous cell carcinoma HN023 Agilent 4x44K;tissue: Tumor;Basal;CL4;;
GSM966735;Head and neck squamous cell carcinoma HN024 Agilent 4x44K;tissue: Tumor;Basal;CL4;;
GSM966738;Head and neck squamous cell carcinoma HN027 Agilent 4x44K;tissue: Tumor;Basal;CL4;;
GSM966745;Head and neck squamous cell carcinoma HN034 Agilent 4x44K;tissue: Tumor;Basal;CL4;;
GSM966747;Head and neck squamous cell carcinoma HN036 Agilent 4x44K;tissue: Tumor;Basal;CL4;;
GSM966753;Head and neck squamous cell carcinoma HN044 Agilent 4x44K;tissue: Tumor;Basal;CL4;;
GSM966756;Head and neck squamous cell carcinoma HN047 Agilent 4x44K;tissue: Tumor;Basal;CL4;;
GSM966758;Head and neck squamous cell carcinoma HN050 Agilent 4x44K;tissue: Tumor;Basal;CL4;;
GSM966767;Head and neck squamous cell carcinoma HN060 Agilent 4x44K;tissue: Tumor;Basal;CL4;;
GSM966768;Head and neck squamous cell carcinoma HN062 Agilent 4x44K;tissue: Tumor;Basal;CL4;;
GSM966771;Head and neck squamous cell carcinoma HN065 Agilent 4x44K;tissue: Tumor;Basal;CL4;;
GSM966772;Head and neck squamous cell carcinoma HN066 Agilent 4x44K;tissue: Tumor;Basal;Cl3;;
GSM966776;Head and neck squamous cell carcinoma HN072 Agilent 4x44K;tissue: Tumor;Basal;Cl3;;
GSM966781;Head and neck squamous cell carcinoma HN078 Agilent 4x44K;tissue: Tumor;Basal;Cl3;;
GSM966784;Head and neck squamous cell carcinoma HN081 Agilent 4x44K;tissue: Tumor;Basal;Cl3;;
GSM966789;Head and neck squamous cell carcinoma HN086 Agilent 4x44K;tissue: Tumor;Basal;Cl3;;
GSM966794;Head and neck squamous cell carcinoma HN091 Agilent 4x44K;tissue: Tumor;Basal;Cl3;;
GSM966805;Head and neck squamous cell carcinoma HN107 Agilent 4x44K;tissue: Tumor;Basal;Cl3;;
GSM966809;Head and neck squamous cell carcinoma HN111 Agilent 4x44K;tissue: Tumor;Basal;Cl3;;
GSM966813;Head and neck squamous cell carcinoma HN116 Agilent 4x44K;tissue: Tumor;Basal;Cl3;;
GSM966814;Head and neck squamous cell carcinoma HN117 Agilent 4x44K;tissue: Tumor;Basal;Cl3;;
GSM966817;Head and neck squamous cell carcinoma HN120 Agilent 4x44K;tissue: Tumor;Basal;Cl3;;
GSM966819;Head and neck squamous cell carcinoma HN122 Agilent 4x44K;tissue: Tumor;Basal;Cl3;;
GSM966823;Head and neck squamous cell carcinoma HN127 Agilent 4x44K;tissue: Tumor;Basal;Cl3;;
GSM966824;Head and neck squamous cell carcinoma HN128 Agilent 4x44K;tissue: Tumor;Basal;Cl3;;
GSM966829;Head and neck squamous cell carcinoma HN134 Agilent 4x44K;tissue: Tumor;Basal;Cl3;;
GSM966831;Head and neck squamous cell carcinoma HN136 Agilent 4x44K;tissue: Tumor;Basal;Cl3;;
GSM966833;Head and neck squamous cell carcinoma HN138 Agilent 4x44K;tissue: Tumor;Basal;Cl3;;
GSM966834;Head and neck squamous cell carcinoma HN139 Agilent 4x44K;tissue: Tumor;Basal;Cl3;;
GSM966835;Head and neck squamous cell carcinoma HN140 Agilent 4x44K;tissue: Tumor;Basal;Cl3;;
GSM966839;Head and neck squamous cell carcinoma HN145 Agilent 4x44K;tissue: Tumor;Basal;Cl3;;
GSM966840;Head and neck squamous cell carcinoma HN146 Agilent 4x44K;tissue: Tumor;Basal;Cl3;;
GSM966842;Head and neck squamous cell carcinoma HN148 Agilent 4x44K;tissue: Tumor;Basal;Cl3;;
GSM966843;Head and neck squamous cell carcinoma HN149 Agilent 4x44K;tissue: Tumor;Basal;Cl3;;
GSM966845;Head and neck squamous cell carcinoma HN151 Agilent 4x44K;tissue: Tumor;Basal;Cl3;;
GSM966847;Head and neck squamous cell carcinoma HN153 Agilent 4x44K;tissue: Tumor;Basal;Cl3;;
GSM966851;Head and neck squamous cell carcinoma HN157 Agilent 4x44K;tissue: Tumor;Basal;Cl3;;
GSM966717;Head and neck squamous cell carcinoma HN001 Agilent 4x44K;tissue: Tumor;Classical;CL5;;
GSM966721;Head and neck squamous cell carcinoma HN005 Agilent 4x44K;tissue: Tumor;Classical;CL5;;
GSM966724;Head and neck squamous cell carcinoma HN008 Agilent 4x44K;tissue: Tumor;Classical;CL5;;
GSM966725;Head and neck squamous cell carcinoma HN009 Agilent 4x44K;tissue: Tumor;Classical;CL5;;
GSM966737;Head and neck squamous cell carcinoma HN026 Agilent 4x44K;tissue: Tumor;Classical;CL5;;
GSM966739;Head and neck squamous cell carcinoma HN028 Agilent 4x44K;tissue: Tumor;Classical;CL5;;
GSM966741;Head and neck squamous cell carcinoma HN030 Agilent 4x44K;tissue: Tumor;Classical;CL5;;
GSM966742;Head and neck squamous cell carcinoma HN031 Agilent 4x44K;tissue: Tumor;Classical;CL5;;
GSM966743;Head and neck squamous cell carcinoma HN032 Agilent 4x44K;tissue: Tumor;Classical;CL5;;
GSM966750;Head and neck squamous cell carcinoma HN040 Agilent 4x44K;tissue: Tumor;Classical;CL5;;
GSM966752;Head and neck squamous cell carcinoma HN043 Agilent 4x44K;tissue: Tumor;Classical;CL5;;
GSM966754;Head and neck squamous cell carcinoma HN045 Agilent 4x44K;tissue: Tumor;Classical;CL5;;
GSM966757;Head and neck squamous cell carcinoma HN049 Agilent 4x44K;tissue: Tumor;Classical;CL5;;
GSM966762;Head and neck squamous cell carcinoma HN054 Agilent 4x44K;tissue: Tumor;Classical;CL5;;
GSM966763;Head and neck squamous cell carcinoma HN055 Agilent 4x44K;tissue: Tumor;Classical;CL5;;
GSM966764;Head and neck squamous cell carcinoma HN056 Agilent 4x44K;tissue: Tumor;Classical;CL5;;
GSM966766;Head and neck squamous cell carcinoma HN059 Agilent 4x44K;tissue: Tumor;Classical;CL5;;
GSM966777;Head and neck squamous cell carcinoma HN074 Agilent 4x44K;tissue: Tumor;Classical;CL5;;
GSM966779;Head and neck squamous cell carcinoma HN076 Agilent 4x44K;tissue: Tumor;Classical;CL5;;
GSM966792;Head and neck squamous cell carcinoma HN089 Agilent 4x44K;tissue: Tumor;Classical;CL5;;
GSM966800;Head and neck squamous cell carcinoma HN098 Agilent 4x44K;tissue: Tumor;Classical;CL5;;
GSM966807;Head and neck squamous cell carcinoma HN109 Agilent 4x44K;tissue: Tumor;Classical;CL5;;
GSM966816;Head and neck squamous cell carcinoma HN119 Agilent 4x44K;tissue: Tumor;Classical;CL5;;
GSM966821;Head and neck squamous cell carcinoma HN124 Agilent 4x44K;tissue: Tumor;Classical;CL5;;
GSM966825;Head and neck squamous cell carcinoma HN129 Agilent 4x44K;tissue: Tumor;Classical;CL5;;
GSM966828;Head and neck squamous cell carcinoma HN133 Agilent 4x44K;tissue: Tumor;Classical;CL5;;
GSM966830;Head and neck squamous cell carcinoma HN135 Agilent 4x44K;tissue: Tumor;Classical;CL5;;
GSM966832;Head and neck squamous cell carcinoma HN137 Agilent 4x44K;tissue: Tumor;Classical;CL5;;
GSM966854;Head and neck squamous cell carcinoma HN160 Agilent 4x44K;tissue: Tumor;Classical;CL5;;
GSM966720;Head and neck squamous cell carcinoma HN004 Agilent 4x44K;tissue: Tumor;Mesenchymal;CL2;;
GSM966730;Head and neck squamous cell carcinoma HN019 Agilent 4x44K;tissue: Tumor;Mesenchymal;CL2;;
GSM966733;Head and neck squamous cell carcinoma HN022 Agilent 4x44K;tissue: Tumor;Mesenchymal;CL2;;
GSM966748;Head and neck squamous cell carcinoma HN037 Agilent 4x44K;tissue: Tumor;Mesenchymal;CL2;;
GSM966751;Head and neck squamous cell carcinoma HN041 Agilent 4x44K;tissue: Tumor;Mesenchymal;CL2;;
GSM966755;Head and neck squamous cell carcinoma HN046 Agilent 4x44K;tissue: Tumor;Mesenchymal;CL2;;
GSM966759;Head and neck squamous cell carcinoma HN051 Agilent 4x44K;tissue: Tumor;Mesenchymal;CL2;;
GSM966760;Head and neck squamous cell carcinoma HN052 Agilent 4x44K;tissue: Tumor;Mesenchymal;CL2;;
GSM966761;Head and neck squamous cell carcinoma HN053 Agilent 4x44K;tissue: Tumor;Mesenchymal;CL2;;
GSM966769;Head and neck squamous cell carcinoma HN063 Agilent 4x44K;tissue: Tumor;Mesenchymal;CL2;;
GSM966770;Head and neck squamous cell carcinoma HN064 Agilent 4x44K;tissue: Tumor;Mesenchymal;CL2;;
GSM966773;Head and neck squamous cell carcinoma HN067 Agilent 4x44K;tissue: Tumor;Mesenchymal;CL2;;
GSM966774;Head and neck squamous cell carcinoma HN068 Agilent 4x44K;tissue: Tumor;Mesenchymal;CL2;;
GSM966783;Head and neck squamous cell carcinoma HN080 Agilent 4x44K;tissue: Tumor;Mesenchymal;CL2;;
GSM966788;Head and neck squamous cell carcinoma HN085 Agilent 4x44K;tissue: Tumor;Mesenchymal;CL2;;
GSM966795;Head and neck squamous cell carcinoma HN092 Agilent 4x44K;tissue: Tumor;Mesenchymal;CL2;;
GSM966798;Head and neck squamous cell carcinoma HN095 Agilent 4x44K;tissue: Tumor;Mesenchymal;CL2;;
GSM966801;Head and neck squamous cell carcinoma HN103 Agilent 4x44K;tissue: Tumor;Mesenchymal;CL2;;
GSM966804;Head and neck squamous cell carcinoma HN105 Agilent 4x44K;tissue: Tumor;Mesenchymal;CL2;;
GSM966808;Head and neck squamous cell carcinoma HN110 Agilent 4x44K;tissue: Tumor;Mesenchymal;CL2;;
GSM966812;Head and neck squamous cell carcinoma HN115 Agilent 4x44K;tissue: Tumor;Mesenchymal;CL2;;
GSM966818;Head and neck squamous cell carcinoma HN121 Agilent 4x44K;tissue: Tumor;Mesenchymal;CL2;;
GSM966822;Head and neck squamous cell carcinoma HN126 Agilent 4x44K;tissue: Tumor;Mesenchymal;CL2;;
GSM966826;Head and neck squamous cell carcinoma HN131 Agilent 4x44K;tissue: Tumor;Mesenchymal;CL2;;
GSM966827;Head and neck squamous cell carcinoma HN132 Agilent 4x44K;tissue: Tumor;Mesenchymal;CL2;;
GSM966836;Head and neck squamous cell carcinoma HN141 Agilent 4x44K;tissue: Tumor;Mesenchymal;CL2;;
GSM966837;Head and neck squamous cell carcinoma HN142 Agilent 4x44K;tissue: Tumor;Mesenchymal;CL2;;
GSM966838;Head and neck squamous cell carcinoma HN143 Agilent 4x44K;tissue: Tumor;Mesenchymal;CL2;;
GSM966841;Head and neck squamous cell carcinoma HN147 Agilent 4x44K;tissue: Tumor;Mesenchymal;CL2;;
GSM966844;Head and neck squamous cell carcinoma HN150 Agilent 4x44K;tissue: Tumor;Mesenchymal;CL2;;
GSM966846;Head and neck squamous cell carcinoma HN152 Agilent 4x44K;tissue: Tumor;Mesenchymal;CL2;;
GSM966848;Head and neck squamous cell carcinoma HN154 Agilent 4x44K;tissue: Tumor;Mesenchymal;CL2;;
GSM966855;Head and neck squamous cell carcinoma HN161 Agilent 4x44K;tissue: Tumor;Mesenchymal;CL2;;
;;;;;;
;;;GSE2379;;;
GSM44799;VADS_01047_N;Normal_Tissue;;;;
GSM44835;VADS_1102_N;Normal_Tissue;;;;
GSM44836;VADS_1107_N;Normal_Tissue;;;;
GSM44843;VADS_pool_N;Normal_Tissue;;;;
GSM44802;VADS_01047_T_E;Head and Neck Squamous Cell Carcinoma (Tumor_tissue);;;;
GSM44809;VADS_0135_T_M;Head and Neck Squamous Cell Carcinoma (Tumor_tissue);;;;
GSM44815;VADS_0279_T_NM;Head and Neck Squamous Cell Carcinoma (Tumor_tissue);;;;
GSM44826;VADS_065_T_NM;Head and Neck Squamous Cell Carcinoma (Tumor_tissue);;;;
GSM44834;VADS_0888_T_M;Head and Neck Squamous Cell Carcinoma (Tumor_tissue);;;;
GSM44837;VADS_0190_T_NM;Head and Neck Squamous Cell Carcinoma (Tumor_tissue);;;;
GSM44838;VADS_209_T_M;Head and Neck Squamous Cell Carcinoma (Tumor_tissue);;;;
GSM44839;VADS_435_T_E;Head and Neck Squamous Cell Carcinoma (Tumor_tissue);;;;
GSM44840;VADS_834_T_E;Head and Neck Squamous Cell Carcinoma (Tumor_tissue);;;;
GSM44841;VADS_856_T_NM;Head and Neck Squamous Cell Carcinoma (Tumor_tissue);;;;
GSM44842;VADS_933_T_M;Head and Neck Squamous Cell Carcinoma (Tumor_tissue);;;;
GSM44844;VADS_pool_T_E;Head and Neck Squamous Cell Carcinoma (Tumor_tissue);;;;
GSM44845;VADS_Pool_T_NM;Head and Neck Squamous Cell Carcinoma (Tumor_tissue);;;;
GSM44846;VADS_Pool_T_M;Head and Neck Squamous Cell Carcinoma (Tumor_tissue);;;;
GSM44794;VADS_0103_T_NM;Head and Neck Squamous Cell Carcinoma (Tumor_tissue);;;;
GSM44806;VADS_0118_T_LR;Head and Neck Squamous Cell Carcinoma (Tumor_tissue);;;;
GSM44810;VADS_0165_T_M;Head and Neck Squamous Cell Carcinoma (Tumor_tissue);;;;
GSM44811;VADS_0167_T_NM;Head and Neck Squamous Cell Carcinoma (Tumor_tissue);;;;
GSM44812;VADS_0203_T_M;Head and Neck Squamous Cell Carcinoma (Tumor_tissue);;;;
GSM44813;VADS_0215_T_M;Head and Neck Squamous Cell Carcinoma (Tumor_tissue);;;;
GSM44814;VADS_0218_T_M;Head and Neck Squamous Cell Carcinoma (Tumor_tissue);;;;
GSM44816;VADS_0330_T_M;Head and Neck Squamous Cell Carcinoma (Tumor_tissue);;;;
GSM44817;VADS_0357_T_NM;Head and Neck Squamous Cell Carcinoma (Tumor_tissue);;;;
GSM44818;VADS_0408_T_M;Head and Neck Squamous Cell Carcinoma (Tumor_tissue);;;;
GSM44819;VADS_0409_T_NM;Head and Neck Squamous Cell Carcinoma (Tumor_tissue);;;;
GSM44821;VADS_0423_T_NM;Head and Neck Squamous Cell Carcinoma (Tumor_tissue);;;;
GSM44822;VADS_0429_T_LR;Head and Neck Squamous Cell Carcinoma (Tumor_tissue);;;;
GSM44823;VADS_0621_T_M;Head and Neck Squamous Cell Carcinoma (Tumor_tissue);;;;
GSM44824;VADS_0629_T_M;Head and Neck Squamous Cell Carcinoma (Tumor_tissue);;;;
GSM44827;VADS_0684_T_LR;Head and Neck Squamous Cell Carcinoma (Tumor_tissue);;;;
GSM44829;VADS_0702_T_LR;Head and Neck Squamous Cell Carcinoma (Tumor_tissue);;;;
GSM44830;VADS_0744_T_M;Head and Neck Squamous Cell Carcinoma (Tumor_tissue);;;;
GSM44832;VADS_0829_T_M;Head and Neck Squamous Cell Carcinoma (Tumor_tissue);;;;
GSM44833;VADS_0847_T_NM;Head and Neck Squamous Cell Carcinoma (Tumor_tissue);;;;
;;;;;;
;;;GSE2837;;;
GSM62201;2004-06-08-300148-Chung-HumanX3P-Rep1;frozen biopsy from HNSCC;;;;
GSM62227;2005-06-02-81CC2-Chung-HuX3P-Rep1;frozen biopsy from HNSCC;;;;
GSM101373;2005-07-19-81CC27-Chung-HuX3P-Rep1;frozen biopsy from HNSCC;;;;
GSM101377;2005-07-19-81CC30-Chung-HuX3P-Rep1;frozen biopsy from HNSCC;;;;
GSM101381;2005-10-20-81CC43-Chung-HumanX3P-Rep1;frozen biopsy from HNSCC;;;;
GSM101383;2005-10-20-81CC44-Chung-HumanX3P-Rep1;frozen biopsy from HNSCC;;;;
GSM62202;2004-06-08-S0324497-Chung-HumanX3P-Rep1;HNSCC from FFPE block (formalin-fixed tissues );;;;
GSM62203;2004-11-24-CHC74-Chung-HumanX3P-Rep1;HNSCC from FFPE block (formalin-fixed tissues );;;;
GSM62204;2004-11-24-CHC76-Chung-HumanX3P-Rep1;HNSCC from FFPE block (formalin-fixed tissues );;;;
GSM62205;2004-11-24-CHC77-Chung-HumanX3P-Rep1;HNSCC from FFPE block (formalin-fixed tissues );;;;
GSM62206;2004-11-24-CHC78-Chung-HumanX3P-Rep1;HNSCC from FFPE block (formalin-fixed tissues );;;;
GSM62207;2004-11-24-CHC80-Chung-HumanX3P-Rep1;HNSCC from FFPE block (formalin-fixed tissues );;;;
GSM62208;2004-11-24-CHC81-Chung-HumanX3P-Rep1;HNSCC from FFPE block (formalin-fixed tissues );;;;
GSM62209;2004-11-24-CHC82-Chung-HumanX3P-Rep1;HNSCC from FFPE block (formalin-fixed tissues );;;;
GSM62210;2004-12-16-CHC83-Chung-HumanX3P-Rep1;HNSCC from FFPE block (formalin-fixed tissues );;;;
GSM62211;2004-12-16-CHC84-Chung-HumanX3P-Rep1;HNSCC from FFPE block (formalin-fixed tissues );;;;
GSM62212;2004-12-16-CHC85-Chung-HumanX3P-Rep1;HNSCC from FFPE block (formalin-fixed tissues );;;;
GSM62213;2004-12-16-CHC86-Chung-HumanX3P-Rep1;HNSCC from FFPE block (formalin-fixed tissues );;;;
GSM62214;2005-01-11-CHC89-Chung-HumanX3P-Rep1;HNSCC from FFPE block (formalin-fixed tissues );;;;
GSM62215;2005-01-12-CHC90-Chung-HumanX3P-Rep1;HNSCC from FFPE block (formalin-fixed tissues );;;;
GSM62216;2005-01-12-CHC91-Chung-HumanX3P-Rep1;HNSCC from FFPE block (formalin-fixed tissues );;;;
GSM62217;2005-01-12-CHC92-Chung-HumanX3P-Rep1;HNSCC from FFPE block (formalin-fixed tissues );;;;
GSM62218;2005-01-12-CHC93-Chung-HumanX3P-Rep1;HNSCC from FFPE block (formalin-fixed tissues );;;;
GSM62219;2005-01-12-CHC94-Chung-HumanX3P-Rep1;HNSCC from FFPE block (formalin-fixed tissues );;;;
GSM62220;2005-01-12-CHC95-Chung-HumanX3P-Rep1;HNSCC from FFPE block (formalin-fixed tissues );;;;
GSM62221;2005-01-14-CHC96-Chung-HumanX3P-Rep1;HNSCC from FFPE block (formalin-fixed tissues );;;;
GSM62222;2005-01-27-CHC109-Chung-HumanX3P-Rep1;HNSCC from FFPE block (formalin-fixed tissues );;;;
GSM62223;2005-01-27-CHC110-Chung-HumanX3P-Rep1;HNSCC from FFPE block (formalin-fixed tissues );;;;
GSM62224;2005-03-16-CHC148-Chung-HumanX3P-Rep1;HNSCC from FFPE block (formalin-fixed tissues );;;;
GSM62225;2005-03-16-CHC149-Chung-HumanX3P-Rep1;HNSCC from FFPE block (formalin-fixed tissues );;;;
GSM62226;2005-03-16-CHC150-Chung-HumanX3P-Rep1;HNSCC from FFPE block (formalin-fixed tissues );;;;
GSM62228;2005-06-02-81CC3-Chung-HuX3P-Rep1;HNSCC from FFPE block (formalin-fixed tissues );;;;
GSM101372;2005-07-19-81CC25-Chung-HuX3P-Rep1;HNSCC from FFPE block (formalin-fixed tissues );;;;
GSM101375;2005-07-19-81CC26-Chung-HuX3P-Rep1;HNSCC from FFPE block (formalin-fixed tissues );;;;
GSM101376;2005-07-19-81CC29-Chung-HuX3P-Rep1;HNSCC from FFPE block (formalin-fixed tissues );;;;
GSM101379;2005-07-19-81CC1-Chung-HuX3P-Rep2;HNSCC from FFPE block (formalin-fixed tissues );;;;
GSM101380;2005-10-20-81CC41-Chung-HumanX3P-Rep1;HNSCC from FFPE block (formalin-fixed tissues );;;;
GSM101382;2005-10-20-81CC42-Chung-HumanX3P-Rep1;HNSCC from FFPE block (formalin-fixed tissues );;;;
GSM101384;2005-07-19-81CC28-Chung-HuX3P-Rep1;HNSCC from FFPE block (formalin-fixed tissues );;;;
GSM101385;2005-10-20-81CC45-Chung-HumanX3P-Rep1;HNSCC from FFPE block (formalin-fixed tissues );;;;
;;;GSE3292;;;
GSM73653;VU HNSCCV300142;HNSCC from FFPE block;;;;
GSM73654;VU HNSCCV300171;HNSCC from FFPE block;;;;
GSM73655;VU HNSCCV300251;HNSCC from FFPE block;;;;
GSM73656;VU HNSCCV300373;HNSCC from FFPE block;;;;
GSM73657;VU HNSCCV300383;HNSCC from FFPE block;;;;
GSM73658;VU HNSCCV300400;HNSCC from FFPE block;;;;
GSM73659;VU HNSCCV300423;HNSCC from FFPE block;;;;
GSM73660;VU HNSCCV300533;HNSCC from FFPE block;;;;
GSM73661;VU HNSCCV300637;HNSCC from FFPE block;;;;
GSM73662;VU HNSCCV300663;HNSCC from FFPE block;;;;
GSM73663;VU HNSCCV300688;HNSCC from FFPE block;;;;
GSM73664;VU HNSCCV300710;HNSCC from FFPE block;;;;
GSM73665;UNC HNSCC00-0318;HNSCC from FFPE block;;;;
GSM73666;UNC HNSCC01-0291;HNSCC from FFPE block;;;;
GSM73667;UNC HNSCC01-0393;HNSCC from FFPE block;;;;
GSM73668;UNC HNSCC01-0446;HNSCC from FFPE block;;;;
GSM73669;UNC HNSCC02-0136;HNSCC from FFPE block;;;;
GSM73670;UNC HNSCC02-0152;HNSCC from FFPE block;;;;
GSM73671;UNC HNSCC02-0323;HNSCC from FFPE block;;;;
GSM73672;UNC HNSCC02-0333;HNSCC from FFPE block;;;;
GSM73673;UNC HNSCC02-0421;HNSCC from FFPE block;;;;
GSM73674;UNC HNSCC02-0454;HNSCC from FFPE block;;;;
GSM73675;UNC HNSCC02-0486;HNSCC from FFPE block;;;;
GSM73676;UNC HNSCC02-0502;HNSCC from FFPE block;;;;
GSM73677;UNC HNSCC03-0034;HNSCC from FFPE block;;;;
GSM73678;UNC HNSCC03-0079;HNSCC from FFPE block;;;;
GSM73679;UNC HNSCC96-0071;HNSCC from FFPE block;;;;
GSM73680;UNC HNSCC96-0671;HNSCC from FFPE block;;;;
GSM73681;VU HNSCCV300148;HNSCC from FFPE block;;;;
GSM73682;VU HNSCCV300431;HNSCC from FFPE block;;;;
GSM73683;VU HNSCCV300520;HNSCC from FFPE block;;;;
GSM73684;UNC HNSCC01-0394;HNSCC from FFPE block;;;;
GSM73685;UNC HNSCC02-0387;HNSCC from FFPE block;;;;
GSM73686;UNC HNSCC02-0458;HNSCC from FFPE block;;;;
GSM73687;UNC HNSCC02-0478;HNSCC from FFPE block;;;;
GSM73688;UNC HNSCC97-0108;HNSCC from FFPE block;;;;
;;;GSE3524;;;
GSM80460;OSCE-2T;Oral Squamous cell Epithelium Tissue-Tumor;;;;
GSM80461;OSCE-4T;Oral Squamous cell Epithelium Tissue-Tumor;;;;
GSM80462;OSCE-6T;Oral Squamous cell Epithelium Tissue-Tumor;;;;
GSM80463;OSCE-5T;Oral Squamous cell Epithelium Tissue-Tumor;;;;
GSM80464;OSCE-7T;Oral Squamous cell Epithelium Tissue-Tumor;;;;
GSM80465;OSCE-8T;Oral Squamous cell Epithelium Tissue-Tumor;;;;
GSM80466;OSCE-9T;Oral Squamous cell Epithelium Tissue-Tumor;;;;
GSM80467;OSCE-10T;Oral Squamous cell Epithelium Tissue-Tumor;;;;
GSM80468;OSCE-11T;Oral Squamous cell Epithelium Tissue-Tumor;;;;
GSM80469;OSCE-12T;Oral Squamous cell Epithelium Tissue-Tumor;;;;
GSM80470;OSCE-13T;Oral Squamous cell Epithelium Tissue-Tumor;;;;
GSM80471;OSCE-14T;Oral Squamous cell Epithelium Tissue-Tumor;;;;
GSM80472;OSCE-15T;Oral Squamous cell Epithelium Tissue-Tumor;;;;
GSM80473;OSCE-16T;Oral Squamous cell Epithelium Tissue-Tumor;;;;
GSM80474;OSCE-17T;Oral Squamous cell Epithelium Tissue-Tumor;;;;
GSM80475;OSCE-18T;Oral Squamous cell Epithelium Tissue-Tumor;;;;
GSM80476;OSCE-2N;Oral Squamous cell Epithelium Tissue-Normal;;;;
GSM80477;OSCE-9N;Oral Squamous cell Epithelium Tissue-Normal;;;;
GSM80520;OSCE-14N;Oral Squamous cell Epithelium Tissue-Normal;;;;
GSM80521;OSCE-18N;Oral Squamous cell Epithelium Tissue-Normal;;;;
;;;GSE6631;;;
GSM153814;Cancer 1;human head and neck cancer (head and neck squamous cell carcinoma);;;;
GSM153816;Cancer 2;human head and neck cancer (head and neck squamous cell carcinoma);;;;
GSM153818;Cancer 3;human head and neck cancer (head and neck squamous cell carcinoma);;;;
GSM153820;Cancer 4;human head and neck cancer (head and neck squamous cell carcinoma);;;;
GSM153822;Cancer 5;human head and neck cancer (head and neck squamous cell carcinoma);;;;
GSM153824;Cancer 6;human head and neck cancer (head and neck squamous cell carcinoma);;;;
GSM153826;Cancer 7;human head and neck cancer (head and neck squamous cell carcinoma);;;;
GSM153828;Cancer 8;human head and neck cancer (head and neck squamous cell carcinoma);;;;
GSM153830;Cancer 9;human head and neck cancer (head and neck squamous cell carcinoma);;;;
GSM153832;Cancer 10;human head and neck cancer (head and neck squamous cell carcinoma);;;;
GSM153834;Cancer 11;human head and neck cancer (head and neck squamous cell carcinoma);;;;
GSM153836;Cancer 12;human head and neck cancer (head and neck squamous cell carcinoma);;;;
GSM153838;Cancer 13;human head and neck cancer (head and neck squamous cell carcinoma);;;;
GSM153840;Cancer 14;human head and neck cancer (head and neck squamous cell carcinoma);;;;
GSM153842;Cancer 15;human head and neck cancer (head and neck squamous cell carcinoma);;;;
GSM153844;Cancer 16;human head and neck cancer (head and neck squamous cell carcinoma);;;;
GSM153846;Cancer 17;human head and neck cancer (head and neck squamous cell carcinoma);;;;
GSM153848;Cancer 18;human head and neck cancer (head and neck squamous cell carcinoma);;;;
GSM153850;Cancer 19;human head and neck cancer (head and neck squamous cell carcinoma);;;;
GSM153852;Cancer 20;human head and neck cancer (head and neck squamous cell carcinoma);;;;
GSM153854;Cancer 21;human head and neck cancer (head and neck squamous cell carcinoma);;;;
GSM153856;Cancer 22;human head and neck cancer (head and neck squamous cell carcinoma);;;;
GSM153813;Normal mucosa 1;human head and neck normal mucosa;;;;
GSM153815;Normal mucosa 2;human head and neck normal mucosa;;;;
GSM153817;Normal mucosa 3;human head and neck normal mucosa;;;;
GSM153819;Normal mucosa 4;human head and neck normal mucosa;;;;
GSM153821;Normal mucosa 5;human head and neck normal mucosa;;;;
GSM153823;Normal mucosa 6;human head and neck normal mucosa;;;;
GSM153825;Normal mucosa 7;human head and neck normal mucosa;;;;
GSM153827;Normal mucosa 8;human head and neck normal mucosa;;;;
GSM153829;Normal mucosa 9;human head and neck normal mucosa;;;;
GSM153831;Normal mucosa 10;human head and neck normal mucosa;;;;
GSM153833;Normal mucosa 11;human head and neck normal mucosa;;;;
GSM153835;Normal mucosa 12;human head and neck normal mucosa;;;;
GSM153837;Normal mucosa 13;human head and neck normal mucosa;;;;
GSM153839;Normal mucosa 14;human head and neck normal mucosa;;;;
GSM153841;Normal mucosa 15;human head and neck normal mucosa;;;;
GSM153843;Normal mucosa 16;human head and neck normal mucosa;;;;
GSM153845;Normal mucosa 17;human head and neck normal mucosa;;;;
GSM153847;Normal mucosa 18;human head and neck normal mucosa;;;;
GSM153849;Normal mucosa 19;human head and neck normal mucosa;;;;
GSM153851;Normal mucosa 20;human head and neck normal mucosa;;;;
GSM153853;Normal mucosa 21;human head and neck normal mucosa;;;;
GSM153855;Normal mucosa 22;human head and neck normal mucosa;;;;
;;;GSE9349;;;
!Sample_title;!Sample_geo_accession;!Sample_characteristics_ch1;;;;
A104_mond_0;GSM237996;Metastasis: 0 (non-metastasized tumors);;;;
A105_mond_0;GSM237997;Metastasis: 0 (non-metastasized tumors);;;;
A107_mond_0;GSM237998;Metastasis: 0 (non-metastasized tumors);;;;
B101_orofarynx_0;GSM237999;Metastasis: 0 (non-metastasized tumors);;;;
B102_orofarynx_0;GSM238000;Metastasis: 0 (non-metastasized tumors);;;;
B105_orofarynx_0;GSM238001;Metastasis: 0 (non-metastasized tumors);;;;
B106_orofarynx_0;GSM238002;Metastasis: 0 (non-metastasized tumors);;;;
C101_larynx_0;GSM238003;Metastasis: 0 (non-metastasized tumors);;;;
C103_larynx_0;GSM238004;Metastasis: 0 (non-metastasized tumors);;;;
C104_larynx_0;GSM238005;Metastasis: 0 (non-metastasized tumors);;;;
C105_larynx_0;GSM238006;Metastasis: 0 (non-metastasized tumors);;;;
A201_mond_1;GSM238007;Metastasis: 1 (metastasized tumors);;;;
A202_mond_1;GSM238008;Metastasis: 1 (metastasized tumors);;;;
A204_mond_1;GSM238009;Metastasis: 1 (metastasized tumors);;;;
A206_mond_1;GSM238010;Metastasis: 1 (metastasized tumors);;;;
B202_orofarynx_1;GSM238011;Metastasis: 1 (metastasized tumors);;;;
B203_orofarynx_1;GSM238012;Metastasis: 1 (metastasized tumors);;;;
B205_orofarynx_1;GSM238013;Metastasis: 1 (metastasized tumors);;;;
C203_larynx_1;GSM238014;Metastasis: 1 (metastasized tumors);;;;
C204_larynx_1;GSM238015;Metastasis: 1 (metastasized tumors);;;;
C205_larynx_1;GSM238016;Metastasis: 1 (metastasized tumors);;;;
C206_larynx_1;GSM238017;Metastasis: 1 (metastasized tumors);;;;
;;;GSE13601;;;
GSM342552;Tongue 016 LN;LN;;;;
GSM342531;Tongue 002 Normal;Normal;;;;
GSM342533;Tongue 003 Normal;Normal;;;;
GSM342535;Tongue 004 Normal;Normal;;;;
GSM342537;Tongue 005 Normal;Normal;;;;
GSM342540;Tongue 007 Normal;Normal;;;;
GSM342542;Tongue 009 Normal;Normal;;;;
GSM342544;Tongue 010 Normal;Normal;;;;
GSM342547;Tongue 012 Normal;Normal;;;;
GSM342548;Tongue 013 Normal;Normal;;;;
GSM342550;Tongue 015 Normal;Normal;;;;
GSM342553;Tongue 016 Normal;Normal;;;;
GSM342555;Tongue 017 Normal;Normal;;;;
GSM342558;Tongue 019 Normal;Normal;;;;
GSM342559;Tongue 020 Normal;Normal;;;;
GSM342563;Tongue 024 Normal;Normal;;;;
GSM342564;Tongue 025 Normal;Normal;;;;
GSM342567;Tongue 028 Normal;Normal;;;;
GSM342569;Tongue 029 Normal;Normal;;;;
GSM342571;Tongue 030 Normal;Normal;;;;
GSM342575;Tongue 034 Normal;Normal;;;;
GSM342576;Tongue 035 Normal;Normal;;;;
GSM342578;Tongue 038 Normal;Normal;;;;
GSM342580;Tongue 039 Normal;Normal;;;;
GSM342583;Tongue 041 Normal;Normal;;;;
GSM342585;Tongue 042 Normal;Normal;;;;
GSM342587;Tongue 043 Normal;Normal;;;;
GSM342530;Tongue 001 Tumor;Tumor: Oral tongue cancer;;;;
GSM342532;Tongue 002 Tumor;Tumor: Oral tongue cancer;;;;
GSM342534;Tongue 003 Tumor;Tumor: Oral tongue cancer;;;;
GSM342536;Tongue 004 Tumor;Tumor: Oral tongue cancer;;;;
GSM342538;Tongue 005 Tumor;Tumor: Oral tongue cancer;;;;
GSM342539;Tongue 006 Tumor;Tumor: Oral tongue cancer;;;;
GSM342541;Tongue 007 Tumor;Tumor: Oral tongue cancer;;;;
GSM342543;Tongue 009 Tumor;Tumor: Oral tongue cancer;;;;
GSM342545;Tongue 010 Tumor;Tumor: Oral tongue cancer;;;;
GSM342546;Tongue 011 Tumor;Tumor: Oral tongue cancer;;;;
GSM342549;Tongue 013 Tumor;Tumor: Oral tongue cancer;;;;
GSM342551;Tongue 015 Tumor;Tumor: Oral tongue cancer;;;;
GSM342554;Tongue 016 Tumor;Tumor: Oral tongue cancer;;;;
GSM342556;Tongue 017 Tumor;Tumor: Oral tongue cancer;;;;
GSM342557;Tongue 018 Tumor;Tumor: Oral tongue cancer;;;;
GSM342560;Tongue 020 Tumor;Tumor: Oral tongue cancer;;;;
GSM342561;Tongue 021 Tumor;Tumor: Oral tongue cancer;;;;
GSM342562;Tongue 023 Tumor;Tumor: Oral tongue cancer;;;;
GSM342565;Tongue 025 Tumor;Tumor: Oral tongue cancer;;;;
GSM342566;Tongue 027 Tumor;Tumor: Oral tongue cancer;;;;
GSM342568;Tongue 028 Tumor;Tumor: Oral tongue cancer;;;;
GSM342570;Tongue 029 Tumor;Tumor: Oral tongue cancer;;;;
GSM342572;Tongue 030 Tumor;Tumor: Oral tongue cancer;;;;
GSM342573;Tongue 031 Tumor;Tumor: Oral tongue cancer;;;;
GSM342574;Tongue 033 Tumor;Tumor: Oral tongue cancer;;;;
GSM342577;Tongue 036 Tumor;Tumor: Oral tongue cancer;;;;
GSM342579;Tongue 038 Tumor;Tumor: Oral tongue cancer;;;;
GSM342581;Tongue 039 Tumor;Tumor: Oral tongue cancer;;;;
GSM342582;Tongue 040 Tumor;Tumor: Oral tongue cancer;;;;
GSM342584;Tongue 041 Tumor;Tumor: Oral tongue cancer;;;;
GSM342586;Tongue 042 Tumor;Tumor: Oral tongue cancer;;;;
;;;GSE23036;;;
GSM568517;pre-treatment locally advanced head and neck squamous cell carcinoma  tumor biopsy HPS_200;tumor size (t): 4;;;;
GSM568518;pre-treatment tumor biopsy HSP_202;tumor size (t): 3;;;;
GSM568519;pre-treatment tumor biopsy HSP_207;tumor size (t): 4;;;;
GSM568520;pre-treatment tumor biopsy HSP_210;tumor size (t): 3;;;;
GSM568521;pre-treatment tumor biopsy HSP_214;tumor size (t): 4;;;;
GSM568522;pre-treatment tumor biopsy HSP_215;tumor size (t): 3;;;;
GSM568523;pre-treatment tumor biopsy HSP_216;tumor size (t): 2;;;;
GSM568524;pre-treatment tumor biopsy HSP_217;tumor size (t): 3;;;;
GSM568525;pre-treatment tumor biopsy HSP_221;tumor size (t): 3;;;;
GSM568526;pre-treatment tumor biopsy HSP_225;tumor size (t): 3;;;;
GSM568527;pre-treatment tumor biopsy HSP_226;tumor size (t): 2;;;;
GSM568528;pre-treatment tumor biopsy HSP_227;tumor size (t): 3;;;;
GSM568529;pre-treatment tumor biopsy HSP_233;tumor size (t): 2;;;;
GSM568530;pre-treatment tumor biopsy HSP_241;tumor size (t): 3;;;;
GSM568531;pre-treatment tumor biopsy HSP_242;tumor size (t): 3;;;;
GSM568532;pre-treatment tumor biopsy HSP_245;tumor size (t): 3;;;;
GSM568533;pre-treatment tumor biopsy HSP_246;tumor size (t): 3;;;;
GSM568534;pre-treatment tumor biopsy HSP_247;tumor size (t): 2;;;;
GSM568535;pre-treatment tumor biopsy HSP_253;tumor size (t): 3;;;;
GSM568536;pre-treatment tumor biopsy HSP_267;tumor size (t): 3;;;;
GSM568537;pre-treatment tumor biopsy HSP_273;tumor size (t): 4;;;;
GSM568538;pre-treatment tumor biopsy HSP_283;tumor size (t): 2;;;;
GSM568539;pre-treatment tumor biopsy HSP_293;tumor size (t): 2;;;;
GSM568540;pre-treatment tumor biopsy HSP_309;tumor size (t): 3;;;;
GSM568541;pre-treatment tumor biopsy HSP_312;tumor size (t): 4;;;;
GSM568542;pre-treatment tumor biopsy HSP_319;tumor size (t): 2;;;;
GSM568543;pre-treatment tumor biopsy HSP_323;tumor size (t): 3;;;;
GSM568544;pre-treatment tumor biopsy HSP_327;tumor size (t): 3;;;;
GSM568545;pre-treatment tumor biopsy HSP_330;tumor size (t): 3;;;;
GSM568546;pre-treatment tumor biopsy HSP_338;tumor size (t): 3;;;;
GSM568547;pre-treatment tumor biopsy HSP_343;tumor size (t): 4;;;;
GSM568548;pre-treatment tumor biopsy HSP_357;tumor size (t): 4;;;;
GSM568549;pre-treatment tumor biopsy HSP_370;tumor size (t): 4;;;;
GSM568550;pre-treatment tumor biopsy HSP_377;tumor size (t): 4;;;;
GSM568551;pre-treatment tumor biopsy HSP_379;tumor size (t): 4;;;;
GSM568552;pre-treatment tumor biopsy HSP_382;tumor size (t): 3;;;;
GSM568553;pre-treatment tumor biopsy HSP_383;tumor size (t): 4;;;;
GSM568554;pre-treatment tumor biopsy HSP_386;tumor size (t): 3;;;;
GSM568555;pre-treatment tumor biopsy HSP_389;tumor size (t): 4;;;;
GSM568556;pre-treatment tumor biopsy HSP_390;tumor size (t): 3;;;;
GSM568557;pre-treatment tumor biopsy HSP_391;tumor size (t): 3;;;;
GSM568558;pre-treatment tumor biopsy HSP_397;tumor size (t): 3;;;;
GSM568559;pre-treatment tumor biopsy HSP_414;tumor size (t): 4;;;;
GSM568560;pre-treatment tumor biopsy HSP_417;tumor size (t): 4;;;;
GSM568561;pre-treatment tumor biopsy HSP_431;tumor size (t): 4;;;;
GSM568562;pre-treatment tumor biopsy HSP_433;tumor size (t): 3;;;;
GSM568563;pre-treatment tumor biopsy HSP_438;tumor size (t): 2;;;;
GSM568564;pre-treatment tumor biopsy HSP_439;tumor size (t): 4;;;;
GSM568565;pre-treatment tumor biopsy HSP_441;tumor size (t): 2;;;;
GSM568566;pre-treatment tumor biopsy HSP_444;tumor size (t): 3;;;;
GSM568567;pre-treatment tumor biopsy HSP_445;tumor size (t): 2;;;;
GSM568568;pre-treatment tumor biopsy HSP_454;tumor size (t): 3;;;;
GSM568569;pre-treatment tumor biopsy HSP_456;tumor size (t): 2;;;;
GSM568570;pre-treatment tumor biopsy HSP_461;tumor size (t): 4;;;;
GSM568571;pre-treatment tumor biopsy HSP_463;tumor size (t): 3;;;;
GSM568572;pre-treatment tumor biopsy HSP_477;tumor size (t): 3;;;;
GSM568573;pre-treatment tumor biopsy HSP_479;tumor size (t): 2;;;;
GSM568574;pre-treatment tumor biopsy HSP_481;tumor size (t): 4;;;;
GSM568575;pre-treatment tumor biopsy HSP_01B8875;tumor size (t): 3;;;;
GSM568576;pre-treatment tumor biopsy HSP_01B10919;tumor size (t): 4;;;;
GSM568577;pre-treatment tumor biopsy HSP_00B218;tumor size (t): 4;;;;
GSM568578;pre-treatment tumor biopsy HSP_99B12984;tumor size (t): 2;;;;
GSM568579;pre-treatment tumor biopsy HSP_01B13442;tumor size (t): 3;;;;
GSM568580;normal mucosa HSP_M4;normal;;;;
GSM568581;normal mucosa HSP_M5;normal;;;;
GSM568582;normal mucosa HSP_M6;normal;;;;
GSM568583;normal mucosa HSP_M12;normal;;;;
GSM568584;normal mucosa HSP_M19;normal;;;;
;;;GSE27020;;;
GSM665544;patient 1 HN2200a;fresh frozen laryngeal tumor;;;;
GSM665545;patient 2 HN2201a;fresh frozen laryngeal tumor;;;;
GSM665546;patient 3 HN2202ms;fresh frozen laryngeal tumor;;;;
GSM665547;patient 4 HN2203ms;fresh frozen laryngeal tumor;;;;
GSM665548;patient 5 HN2205ms;fresh frozen laryngeal tumor;;;;
GSM665549;patient 6 HN2206ms;fresh frozen laryngeal tumor;;;;
GSM665550;patient 7 HN2207ms;fresh frozen laryngeal tumor;;;;
GSM665551;patient 8 HN2208ms;fresh frozen laryngeal tumor;;;;
GSM665552;patient 9 HN2209ms;fresh frozen laryngeal tumor;;;;
GSM665553;patient 10 HN2210ms;fresh frozen laryngeal tumor;;;;
GSM665554;patient 11 HN2211ms;fresh frozen laryngeal tumor;;;;
GSM665555;patient 12 HN2213ms;fresh frozen laryngeal tumor;;;;
GSM665556;patient 13 HN2214ms;fresh frozen laryngeal tumor;;;;
GSM665557;patient 14 HN2215ms;fresh frozen laryngeal tumor;;;;
GSM665558;patient 15 HN2216ms;fresh frozen laryngeal tumor;;;;
GSM665559;patient 16 HN2217ms;fresh frozen laryngeal tumor;;;;
GSM665560;patient 17 HN2218ms;fresh frozen laryngeal tumor;;;;
GSM665561;patient 18 HN2219ms;fresh frozen laryngeal tumor;;;;
GSM665562;patient 19 HN2220ms;fresh frozen laryngeal tumor;;;;
GSM665563;patient 20 HN2221ms;fresh frozen laryngeal tumor;;;;
GSM665564;patient 21 HN2222ms;fresh frozen laryngeal tumor;;;;
GSM665565;patient 22 HN2223ms;fresh frozen laryngeal tumor;;;;
GSM665566;patient 23 HN2224ms;fresh frozen laryngeal tumor;;;;
GSM665567;patient 24 HN2225ms;fresh frozen laryngeal tumor;;;;
GSM665568;patient 25 HN2226ms;fresh frozen laryngeal tumor;;;;
GSM665569;patient 26 HN2227ms;fresh frozen laryngeal tumor;;;;
GSM665570;patient 27 HN2228ms;fresh frozen laryngeal tumor;;;;
GSM665571;patient 28 HN2229ms;fresh frozen laryngeal tumor;;;;
GSM665572;patient 29 HN2230ms;fresh frozen laryngeal tumor;;;;
GSM665573;patient 30 HN2231ms;fresh frozen laryngeal tumor;;;;
GSM665574;patient 31 HN2232ms;fresh frozen laryngeal tumor;;;;
GSM665575;patient 32 HN2233ms;fresh frozen laryngeal tumor;;;;
GSM665576;patient 33 HN2234ms;fresh frozen laryngeal tumor;;;;
GSM665577;patient 34 HN2235ms;fresh frozen laryngeal tumor;;;;
GSM665578;patient 35 HN2236ms;fresh frozen laryngeal tumor;;;;
GSM665579;patient 36 HN2237ms;fresh frozen laryngeal tumor;;;;
GSM665580;patient 37 HN2238ms;fresh frozen laryngeal tumor;;;;
GSM665581;patient 38 HN2239ms;fresh frozen laryngeal tumor;;;;
GSM665582;patient 39 HN2240ms;fresh frozen laryngeal tumor;;;;
GSM665583;patient 40 HN2241ms;fresh frozen laryngeal tumor;;;;
GSM665584;patient 41 HN2242ms;fresh frozen laryngeal tumor;;;;
GSM665585;patient 42 HN2244ms;fresh frozen laryngeal tumor;;;;
GSM665586;patient 43 HN2246ms;fresh frozen laryngeal tumor;;;;
GSM665587;patient 44 HN2247ms;fresh frozen laryngeal tumor;;;;
GSM665588;patient 45 HN2248ms;fresh frozen laryngeal tumor;;;;
GSM665589;patient 46 HN2249ms;fresh frozen laryngeal tumor;;;;
GSM665590;patient 47 HN2250ms;fresh frozen laryngeal tumor;;;;
GSM665591;patient 48 HN2252ms;fresh frozen laryngeal tumor;;;;
GSM665592;patient 49 HN2253ms;fresh frozen laryngeal tumor;;;;
GSM665593;patient 50 HN2254ms;fresh frozen laryngeal tumor;;;;
GSM665594;patient 51 HN2255ms;fresh frozen laryngeal tumor;;;;
GSM665595;patient 52 HN2257ms;fresh frozen laryngeal tumor;;;;
GSM665596;patient 53 HN2258ms;fresh frozen laryngeal tumor;;;;
GSM665597;patient 54 HN2259ms;fresh frozen laryngeal tumor;;;;
GSM665598;patient 55 HN2260ms;fresh frozen laryngeal tumor;;;;
GSM665599;patient 56 HN2261ms;fresh frozen laryngeal tumor;;;;
GSM665600;patient 57 HN2262ms;fresh frozen laryngeal tumor;;;;
GSM665601;patient 58 HN2263ms;fresh frozen laryngeal tumor;;;;
GSM665602;patient 59 HN2264ms;fresh frozen laryngeal tumor;;;;
GSM665603;patient 60 HN2265ms;fresh frozen laryngeal tumor;;;;
GSM665604;patient 61 HN2266ms;fresh frozen laryngeal tumor;;;;
GSM665605;patient 62 HN2267ms;fresh frozen laryngeal tumor;;;;
GSM665606;patient 63 HN2268ms;fresh frozen laryngeal tumor;;;;
GSM665607;patient 64 HN2270ms;fresh frozen laryngeal tumor;;;;
GSM665608;patient 65 HN2271ms;fresh frozen laryngeal tumor;;;;
GSM665609;patient 66 HN2272ms;fresh frozen laryngeal tumor;;;;
GSM665610;patient 67 HN2273ms;fresh frozen laryngeal tumor;;;;
GSM665611;patient 68 HN2274ms;fresh frozen laryngeal tumor;;;;
GSM665612;patient 69 HN2275ms;fresh frozen laryngeal tumor;;;;
GSM665613;patient 70 HN2276ms;fresh frozen laryngeal tumor;;;;
GSM665614;patient 71 HN2278ms;fresh frozen laryngeal tumor;;;;
GSM665615;patient 72 HN2279ms;fresh frozen laryngeal tumor;;;;
GSM665616;patient 73 HN2280ms;fresh frozen laryngeal tumor;;;;
GSM665617;patient 74 HN2281ms;fresh frozen laryngeal tumor;;;;
GSM665618;patient 75 HN2282ms;fresh frozen laryngeal tumor;;;;
GSM665619;patient 76 HN2283ms;fresh frozen laryngeal tumor;;;;
GSM665620;patient 77 HN2284ms;fresh frozen laryngeal tumor;;;;
GSM665621;patient 78 HN2285ms;fresh frozen laryngeal tumor;;;;
GSM665622;patient 79 HN2286ms;fresh frozen laryngeal tumor;;;;
GSM665623;patient 80 HN2287ms;fresh frozen laryngeal tumor;;;;
GSM665624;patient 81 HN2289ms;fresh frozen laryngeal tumor;;;;
GSM665625;patient 82 HN2290ms;fresh frozen laryngeal tumor;;;;
GSM665626;patient 83 HN2291ms;fresh frozen laryngeal tumor;;;;
GSM665627;patient 84 HN2293ms;fresh frozen laryngeal tumor;;;;
GSM665628;patient 85 HN2295ms;fresh frozen laryngeal tumor;;;;
GSM665629;patient 86 HN2296ms;fresh frozen laryngeal tumor;;;;
GSM665630;patient 87 HN2297ms;fresh frozen laryngeal tumor;;;;
GSM665631;patient 88 HN2298ms;fresh frozen laryngeal tumor;;;;
GSM665632;patient 89 HN2299ms;fresh frozen laryngeal tumor;;;;
GSM665633;patient 90 HN2300ms;fresh frozen laryngeal tumor;;;;
GSM665634;patient 91 HN2301ms;fresh frozen laryngeal tumor;;;;
GSM665635;patient 92 HN2302ms;fresh frozen laryngeal tumor;;;;
GSM665636;patient 93 HN2303ms;fresh frozen laryngeal tumor;;;;
GSM665637;patient 94 HN2305ms;fresh frozen laryngeal tumor;;;;
GSM665638;patient 95 HN2306ms;fresh frozen laryngeal tumor;;;;
GSM665639;patient 96 HN2307ms;fresh frozen laryngeal tumor;;;;
GSM665640;patient 97 HN2308ms;fresh frozen laryngeal tumor;;;;
GSM665641;patient 98 HN2310ms;fresh frozen laryngeal tumor;;;;
GSM665642;patient 99 HN2312ms;fresh frozen laryngeal tumor;;;;
GSM665643;patient 100 HN2313ms;fresh frozen laryngeal tumor;;;;
GSM665644;patient 101 HN2319ms;fresh frozen laryngeal tumor;;;;
GSM665645;patient 102 HN2321ms;fresh frozen laryngeal tumor;;;;
GSM665646;patient 103 HN2322ms;fresh frozen laryngeal tumor;;;;
GSM665647;patient 104 HN2324ms;fresh frozen laryngeal tumor;;;;
GSM665648;patient 105 HN2325ms;fresh frozen laryngeal tumor;;;;
GSM665649;patient 106 HN2326ms;fresh frozen laryngeal tumor;;;;
GSM665650;patient 107 HN2327ms;fresh frozen laryngeal tumor;;;;
GSM665651;patient 108 HN2328ms;fresh frozen laryngeal tumor;;;;
GSM665652;patient 109 HN2329ms;fresh frozen laryngeal tumor;;;;
;;;GSE686;;;
;;;;;;
!Sample_geo_accession;!Sample_title;!Sample_description;Corresponding Intrinsic groups  from mmc3;;;
GSM10550;HN02-0136B;Primary tumor of Head and Neck Squamous Cell Carcinoma (HNSCC) located on oral cavity on a male at age of 59  with clinical stage of 4;1;Cl3; Intrinsic group 1 is splitted between CL3 and CL4;
GSM10666;HN02-0137B;Primary tumor of Head and Neck Squamous Cell Carcinoma (HNSCC) located on larynx on a male at age of 76  with clinical stage of 2;1;Cl3;;
GSM10548;HN02-0152B-2;Primary tumor of Head and Neck Squamous Cell Carcinoma (HNSCC) located on oral cavity on a male at age of 50  with clinical stage of 4;1;Cl3;;
GSM10627;HN02-0168B-pair;Primary tumor of Head and Neck Squamous Cell Carcinoma (HNSCC) located on larynx on a male at age of 34  with clinical stage of 3;1;Cl3;;
GSM10649;HN02-0323B;Primary tumor of Head and Neck Squamous Cell Carcinoma (HNSCC) located on larynx on a male at age of 61  with clinical stage of 4;1;Cl3;;
GSM10617;HN02-0377B;Primary tumor of Head and Neck Squamous Cell Carcinoma (HNSCC) located on larynx on a female at age of 54  with clinical stage of 4;1;Cl3;;
GSM10646;HN02-0421B;Primary tumor of Head and Neck Squamous Cell Carcinoma (HNSCC) located on oral cavity on a female at age of 67  with clinical stage of 4;1;Cl3;;
GSM10643;HN02-0452B;Primary tumor of Head and Neck Squamous Cell Carcinoma (HNSCC) located on hypopharynx on a female at age of 63  with clinical stage of 4;1;Cl3;;
GSM10560;HN03-0020B;Primary tumor of Head and Neck Squamous Cell Carcinoma (HNSCC) located on larynx on a male at age of 56  with clinical stage of 3;1;Cl3;;
GSM10670;HN03-0079B;Primary tumor of Head and Neck Squamous Cell Carcinoma (HNSCC) located on oral cavity on a male at age of 30  with clinical stage of 4;1;Cl3;;
GSM10668;HN03-0171B;Primary tumor of Head and Neck Squamous Cell Carcinoma (HNSCC) located on larynx on a male at age of 49  with clinical stage of 4;1;Cl3;;
GSM10551;HN96-0008B;Primary tumor of Head and Neck Squamous Cell Carcinoma (HNSCC) located on hypopharynx on a male at age of 77  with clinical stage of 4;1;Cl3;;
GSM10552;HN97-0066B;Primary tumor of Head and Neck Squamous Cell Carcinoma (HNSCC) located on hypopharynx on a male at age of 61  with clinical stage of 4;1;Cl3;;
GSM10631;HN02-0152B;Primary tumor of Head and Neck Squamous Cell Carcinoma (HNSCC) located on oral cavity on a male at age of 50  with clinical stage of 4;1;Cl4;;
GSM10630;HN02-0168B;Primary tumor of Head and Neck Squamous Cell Carcinoma (HNSCC) located on larynx on a male at age of 34  with clinical stage of 3;1;Cl4;;
GSM10652;HN02-0408B;Primary tumor of Head and Neck Squamous Cell Carcinoma (HNSCC) located on oral cavity on a female at age of 66  with clinical stage of 4;1;Cl4;;
GSM10645;HN02-0422B;Primary tumor of Head and Neck Squamous Cell Carcinoma (HNSCC) located on oral cavity on a male at age of 66  with clinical stage of 4;1;Cl4;;
GSM10638;HN02-0502B;Primary tumor of Head and Neck Squamous Cell Carcinoma (HNSCC) located on larynx on a male at age of 56  with clinical stage of 3;1;Cl4;;
GSM10558;HN03-0034B;Primary tumor of Head and Neck Squamous Cell Carcinoma (HNSCC) located on hypopharynx on a male at age of 64  with clinical stage of 4;1;Cl4;;
GSM10667;HN03-0130B;Primary tumor of Head and Neck Squamous Cell Carcinoma (HNSCC) located on larynx on a male at age of 75  with clinical stage of 2;1;Cl4;;
GSM10665;HN94-1095B;Primary tumor of Head and Neck Squamous Cell Carcinoma (HNSCC) located on orpharynx on a male at age of 69  with clinical stage of 4;1;Cl4;;
GSM10648;HN96-0624B;Primary tumor of Head and Neck Squamous Cell Carcinoma (HNSCC) located on orpharynx on a male at age of 52  with clinical stage of 4;1;Cl4;;
GSM10657;HN97-0080B;Primary tumor of Head and Neck Squamous Cell Carcinoma (HNSCC) located on orpharynx on a male at age of 50  with clinical stage of 4;1;Cl4;;
GSM10556;HN01-0291B;Primary tumor of Head and Neck Squamous Cell Carcinoma (HNSCC) located on larynx on a male at age of 72  with clinical stage of 4;2;Cl2;;
GSM10554;HN01-0446B;Primary tumor of Head and Neck Squamous Cell Carcinoma (HNSCC) located on larynx on a male at age of 59  with clinical stage of 3;2;Cl2;;
GSM10625;HN01-0446B-pair;Primary tumor of Head and Neck Squamous Cell Carcinoma (HNSCC) located on larynx on a male at age of 59  with clinical stage of 3;2;Cl2;;
GSM10636;HN02-0082B;Primary tumor of Head and Neck Squamous Cell Carcinoma (HNSCC) located on larynx on a male at age of 47  with clinical stage of 2;2;Cl2;;
GSM10622;HN02-0082B-pair;Primary tumor of Head and Neck Squamous Cell Carcinoma (HNSCC) located on larynx on a male at age of 47  with clinical stage of 2;2;Cl2;;
GSM10640;HN02-0183B;Primary tumor of Head and Neck Squamous Cell Carcinoma (HNSCC) located on larynx on a male at age of 49  with clinical stage of 4;2;Cl2;;
GSM10619;HN02-0364B;Primary tumor of Head and Neck Squamous Cell Carcinoma (HNSCC) located on hypopharynx on a male at age of 51  with clinical stage of 4;2;Cl2;;
GSM10647;HN02-0364B-pair;Primary tumor of Head and Neck Squamous Cell Carcinoma (HNSCC) located on hypopharynx on a male at age of 51  with clinical stage of 4;2;Cl2;;
GSM10653;HN02-0387B;Primary tumor of Head and Neck Squamous Cell Carcinoma (HNSCC) located on orpharynx on a male at age of 41  with clinical stage of 3;2;Cl2;;
GSM10671;HN03-0060B;Primary tumor of Head and Neck Squamous Cell Carcinoma (HNSCC) located on larynx on a male at age of 44  with clinical stage of 2;2;Cl2;;
GSM10561;HN03-0102B;Primary tumor of Head and Neck Squamous Cell Carcinoma (HNSCC) located on larynx on a male at age of 64  with clinical stage of 2;2;Cl2;;
GSM10669;HN03-0178B;Primary tumor of Head and Neck Squamous Cell Carcinoma (HNSCC) located on larynx on a male at age of 52  with clinical stage of 2;2;Cl2;;
GSM10656;HN94-0165B;Primary tumor of Head and Neck Squamous Cell Carcinoma (HNSCC) located on larynx on a male at age of 68  with clinical stage of 3;2;Cl2;;
GSM10658;HN94-0331B;Primary tumor of Head and Neck Squamous Cell Carcinoma (HNSCC) located on larynx on a male at age of 64  with clinical stage of 3;2;Cl2;;
GSM10662;HN96-0633B;Primary tumor of Head and Neck Squamous Cell Carcinoma (HNSCC) located on oral cavity on a male at age of 66  with clinical stage of 2;2;Cl2;;
GSM10661;HN96-0671B;Primary tumor of Head and Neck Squamous Cell Carcinoma (HNSCC) located on oral cavity on a male at age of 49  with clinical stage of 4;2;Cl2;;
GSM10655;HN96-0671B-pair;Primary tumor of Head and Neck Squamous Cell Carcinoma (HNSCC) located on oral cavity on a male at age of 49  with clinical stage of 4;2;Cl2;;
GSM10659;HN97-0189B;Primary tumor of Head and Neck Squamous Cell Carcinoma (HNSCC) located on orpharynx on a male at age of 58  with clinical stage of 3;2;Cl2;;
GSM10635;HN01-0264B;Primary tumor of Head and Neck Squamous Cell Carcinoma (HNSCC) located on larynx on a male at age of 57  with clinical stage of 4;3;Cl1;;
GSM10614;HN01-0394B;Primary tumor of Head and Neck Squamous Cell Carcinoma (HNSCC) located on orpharynx on a male at age of 48  with clinical stage of 4;3;Cl1;;
GSM10615;HN01-0394B-pair;Primary tumor of Head and Neck Squamous Cell Carcinoma (HNSCC) located on orpharynx on a male at age of 48  with clinical stage of 4;3;Cl1;;
GSM10632;HN02-0085B;Primary tumor of Head and Neck Squamous Cell Carcinoma (HNSCC) located on larynx on a male at age of 55  with clinical stage of 3;3;Cl1;;
GSM10564;HN02-0201B;Primary tumor of Head and Neck Squamous Cell Carcinoma (HNSCC) located on oral cavity on a male at age of 73  with clinical stage of 4;3;Cl1;;
GSM10544;HN02-0333B;Primary tumor of Head and Neck Squamous Cell Carcinoma (HNSCC) located on hypopharynx on a male at age of 53  with clinical stage of 4;3;Cl1;;
GSM10642;HN02-0454B;Primary tumor of Head and Neck Squamous Cell Carcinoma (HNSCC) located on larynx on a male at age of 36  with clinical stage of 3;3;Cl1;;
GSM10641;HN02-0458B;Primary tumor of Head and Neck Squamous Cell Carcinoma (HNSCC) located on orpharynx on a male at age of 54  with clinical stage of 4;3;Cl1;;
GSM10673;HN02-0460B;Primary tumor of Head and Neck Squamous Cell Carcinoma (HNSCC) located on oral cavity on a male at age of 58  with clinical stage of 4;3;Cl1;;
GSM10562;HN02-0478B;Primary tumor of Head and Neck Squamous Cell Carcinoma (HNSCC) located on orpharynx on a male at age of 53  with clinical stage of 4;3;Cl1;;
GSM10639;HN02-0486B;Primary tumor of Head and Neck Squamous Cell Carcinoma (HNSCC) located on hypopharynx on a male at age of 59  with clinical stage of 3;3;Cl1;;
GSM10637;HN02-0486B-pair;Primary tumor of Head and Neck Squamous Cell Carcinoma (HNSCC) located on hypopharynx on a male at age of 59  with clinical stage of 3;3;Cl1;;
GSM10563;HN02-0493B;Primary tumor of Head and Neck Squamous Cell Carcinoma (HNSCC) located on orpharynx on a male at age of 52  with clinical stage of 3;3;Cl1;;
GSM10565;HN03-0056B;Primary tumor of Head and Neck Squamous Cell Carcinoma (HNSCC) located on orpharynx on a male at age of 63  with clinical stage of 4;3;Cl1;;
GSM10663;HN00-0318B;Primary tumor of Head and Neck Squamous Cell Carcinoma (HNSCC) located on larynx on a male at age of 56  with clinical stage of 4;4;Cl5;;
GSM10633;HN01-0203B;Primary tumor of Head and Neck Squamous Cell Carcinoma (HNSCC) located on larynx on a male at age of 40  with clinical stage of 4;4;Cl5;;
GSM10566;HN01-0393B;Primary tumor of Head and Neck Squamous Cell Carcinoma (HNSCC) located on orpharynx on a male at age of 47  with clinical stage of 4;4;Cl5;;
GSM10626;HN01-0393B-pair#;Primary tumor of Head and Neck Squamous Cell Carcinoma (HNSCC) located on orpharynx on a male at age of 47  with clinical stage of 4;4;Cl5;;
GSM10634;HN01-0463B;Primary tumor of Head and Neck Squamous Cell Carcinoma (HNSCC) located on larynx on a male at age of 65  with clinical stage of 4;4;Cl5;;
GSM10621;HN01-0463B-pair;Primary tumor of Head and Neck Squamous Cell Carcinoma (HNSCC) located on larynx on a male at age of 65  with clinical stage of 4;4;Cl5;;
GSM10613;HN02-0116B;Primary tumor of Head and Neck Squamous Cell Carcinoma (HNSCC) located on oral cavity on a male at age of 53  with clinical stage of 4;4;Cl5;;
GSM10616;HN02-0238B;Primary tumor of Head and Neck Squamous Cell Carcinoma (HNSCC) located on orpharynx on a male at age of 62  with clinical stage of 4;4;Cl5;;
GSM10542;HN02-0254B;Primary tumor of Head and Neck Squamous Cell Carcinoma (HNSCC) located on orpharynx on a female at age of 57  with clinical stage of 3;4;Cl5;;
GSM10620;HN02-0254B-pair;Primary tumor of Head and Neck Squamous Cell Carcinoma (HNSCC) located on orpharynx on a female at age of 57  with clinical stage of 3;4;Cl5;;
GSM10644;HN02-0427B;Primary tumor of Head and Neck Squamous Cell Carcinoma (HNSCC) located on orpharynx on a male at age of 60  with clinical stage of 2;4;Cl5;;
GSM10672;HN02-0450B;Primary tumor of Head and Neck Squamous Cell Carcinoma (HNSCC) located on larynx on a male at age of 53  with clinical stage of 2;4;Cl5;;
GSM10559;HN02-0506B;Primary tumor of Head and Neck Squamous Cell Carcinoma (HNSCC) located on oral cavity on a female at age of 75  with clinical stage of 2;4;Cl5;;
GSM10664;HN96-0071B;Primary tumor of Head and Neck Squamous Cell Carcinoma (HNSCC) located on oral cavity on a male at age of 49  with clinical stage of 4;4;Cl5;;
GSM10654;HN97-0108B;Primary tumor of Head and Neck Squamous Cell Carcinoma (HNSCC) located on oral cavity on a female at age of 52  with clinical stage of 3;4;Cl5;;
GSM10660;HN97-0181B;Primary tumor of Head and Neck Squamous Cell Carcinoma (HNSCC) located on oral cavity on a male at age of 48  with clinical stage of 2;4;Cl5;;
GSM10624;CAL27;Cell line from primary tumor of Head and Neck Squamous Cell Carcinoma (HNSCC);;;;
GSM10629;JHU022;Cell line from primary tumor of Head and Neck Squamous Cell Carcinoma (HNSCC);;;;
GSM10650;normal tonsil epithelium 1;normal tonsil epithelium 1;;;;
GSM10651;normal tonsil epithelium 2;normal tonsil epithelium 2;;;;
GSM10628;normal tonsil epithelium 3;normal tonsil epithelium 3;;;;
GSM10618;UMSCCA1;Cell line from primary tumor of Head and Neck Squamous Cell Carcinoma (HNSCC);;;;
GSM10623;UNC7;Cell line from primary tumor of Head and Neck Squamous Cell Carcinoma (HNSCC);;;;
;;;;;;
;;;;;;
;;;;;;
;;;;;;
;;;;;;
;;;;;;
;;;;;;
;;;;;;
;;;;;;
;;;;;;
;;;;;;
;;;;;;
;;;;;;
;;;;;;
;;;;;;
;;;;;;
;;;;;;
;;;;;;
;;;;;;
;;;;;;
;;;;;;
;;;;;;
;;;;;;
;;;;;;
;;;;;;
;;;;;;
;;;;;;
;;;;;;
;;;;;;
;;;;;;
;;;;;;
;;;;;;
;;;;;;
;;;;;;
;;;;;;
;;;;;;
;;;;;;
;;;;;;
;;;;;;
;;;;;;
;;;;;;
;;;;;;
;;;;;;
;;;;;;
;;;;;;
;;;;;;
;;;;;;
;;;;;;
;;;;;;
;;;;;;
;;;;;;
;;;;;;
;;;;;;
;;;;;;
;;;;;;
;;;;;;
;;;;;;
;;;;;;
;;;;;;
;;;;;;
;;;;;;
;;;;;;
;;;;;;
;;;;;;
;;;;;;
;;;;;;
;;;;;;
;;;;;;
;;;;;;
;;;;;;
;;;;;;
;;;;;;
;;;;;;
;;;;;;
;;;;;;
;;;;;;
;;;;;;
;;;;;;
;;;;;;
;;;;;;
;;;;;;
;;;;;;
;;;;;;
;;;;;;
;;;;;;
;;;;;;
;;;;;;
;;;;;;
;;;;;;
;;;;;;
;;;;;;
;;;;;;
;;;;;;
;;;;;;
;;;;;;
;;;;;;
;;;;;;
;;;;;;
;;;;;;
;;;;;;
;;;;;;
;;;;;;
;;;;;;
;;;;;;
;;;;;;
;;;;;;
;;;;;;
;;;;;;
;;;;;;
;;;;;;
;;;;;;
;;;;;;
;;;;;;
;;;;;;
;;;;;;
;;;;;;
;;;;;;
;;;;;;
;;;;;;
;;;;;;
;;;;;;
;;;;;;
;;;;;;
;;;;;;
;;;;;;
;;;;;;
;;;;;;
;;;;;;
;;;;;;
;;;;;;
;;;;;;
;;;;;;
;;;;;;
;;;;;;
;;;;;;
;;;;;;
;;;;;;
;;;;;;
;;;;;;
;;;;;;
;;;;;;
;;;;;;
;;;;;;
